user_id,name,email,phone_number,registration_dttm
1,Иванова Анжела Аркадьевна,artemlihachev@example.org,8 183 473 8299,2025-05-06
2,Мухин Орест Геннадиевич,belovpetr@example.com,8 670 106 51 33,2024-09-28
3,Кудрявцева Наталья Геннадиевна,roman31@example.com,8 (108) 013-2677,2024-10-17
4,Анастасия Викторовна Щербакова,kolesnikovaivanna@example.com,+76872343098,2024-06-20
5,Анастасия Альбертовна Логинова,sila2006@example.org,+7 812 191 3619,2024-11-11
6,Волкова Юлия Артемовна,lshirjaeva@example.net,8 (543) 534-6247,2025-01-04
7,Анжела Андреевна Рыбакова,bogdanovtimofe@example.org,8 (425) 135-4278,2025-11-01
8,Стоян Августович Харитонов,ladimir_2015@example.org,+7 (411) 824-49-35,2024-10-09
9,Красильникова Иванна Сергеевна,ipati1973@example.org,8 400 524 27 86,2025-07-13
10,Воробьев Геннадий Алексеевич,fortunat_82@example.com,+7 (045) 053-31-58,2026-03-21
11,Юлия Владиславовна Стрелкова,gremislavturov@example.org,8 025 634 21 60,2026-03-01
12,Евстигней Фокич Шестаков,zosima30@example.net,+7 (654) 145-8685,2026-05-03
13,Шашков Казимир Вячеславович,andre19@example.com,8 569 816 9340,2025-11-05
14,Спиридон Герасимович Громов,qkudrjavtsev@example.com,85148465648,2024-08-10
15,Харитонов Натан Всеволодович,onufri80@example.com,+73699577738,2025-05-06
16,Глафира Артемовна Боброва,veronika_2013@example.net,8 134 332 0037,2025-08-21
17,Анжела Робертовна Аксенова,nestorgorshkov@example.com,+7 (201) 632-8708,2024-11-13
18,Варвара Робертовна Кузьмина,galina2006@example.net,85798687277,2024-11-21
19,Ирина Семеновна Мартынова,kirbikov@example.org,+73455812236,2025-10-25
20,Соболев Арсений Фёдорович,inesterov@example.com,8 036 690 96 70,2025-02-01
21,Никита Федосеевич Беляков,erast_1985@example.com,+7 (467) 065-6272,2025-08-30
22,Бурова Марфа Эдуардовна,mihalovanatalja@example.org,8 (204) 653-75-56,2024-12-06
23,Наина Ждановна Щукина,voronovadam@example.net,8 (053) 100-3309,2024-08-30
24,Мухин Викентий Григорьевич,kira1987@example.com,+7 (991) 241-90-49,2025-10-12
25,Марина Никифоровна Фокина,afinogenkapustin@example.net,+7 (149) 190-5865,2024-06-26
26,Александрова Агафья Николаевна,vatslav1999@example.com,8 (262) 849-87-76,2026-02-04
27,Федотова Лидия Ефимовна,matveevradim@example.org,8 (996) 507-52-73,2025-02-03
28,Лукия Игоревна Бобылева,fedor08@example.org,+7 367 837 77 01,2024-12-18
29,Шубин Илья Ефремович,savvati_88@example.com,8 855 744 43 13,2025-01-04
30,Беляков Доброслав Георгиевич,svjatopolkegorov@example.net,88941343524,2024-05-14
31,Гусева Ирина Аскольдовна,zhdanovakira@example.net,+7 (710) 947-77-52,2024-06-12
32,Самсон Валентинович Бирюков,vlasovseliverst@example.org,80229413186,2025-08-17
33,Орехова Елена Семеновна,cmjasnikov@example.com,86499091334,2025-09-28
34,Журавлев Дементий Артемьевич,agataisakova@example.com,87403447134,2026-01-05
35,Феврония Геннадьевна Родионова,nekrasovzinovi@example.net,+7 (421) 024-99-47,2024-08-08
36,Лазарь Трофимович Фокин,sidor87@example.com,+7 906 594 01 39,2025-08-03
37,Ираида Филипповна Волкова,olimpiadamiheeva@example.net,8 (429) 671-75-65,2025-01-08
38,Гордеева Галина Леоновна,ftihonova@example.com,8 807 154 51 68,2026-02-03
39,София Рубеновна Тихонова,ponomarevaregina@example.com,87703482477,2024-08-06
40,Евдокимов Ювеналий Демидович,ksenijazhdanova@example.org,8 (613) 171-2748,2025-11-02
41,Святополк Харитонович Николаев,ustin1979@example.com,+7 (982) 146-5840,2024-12-09
42,Дьячкова Феврония Харитоновна,gennadi2000@example.net,8 (558) 867-53-39,2025-02-25
43,Носов Остап Андреевич,olimpiada_76@example.com,+7 (702) 895-17-18,2026-04-11
44,Гаврила Устинович Беспалов,anzhelavoronova@example.com,8 961 586 5780,2025-08-26
45,Евдокимов Константин Давыдович,kudrjashovvalerjan@example.net,+7 724 005 04 55,2025-04-03
46,Лобанов Остап Гавриилович,darjafedorova@example.net,8 937 923 74 74,2025-10-03
47,Брагин Рубен Ермилович,gleb_1975@example.com,8 946 474 3671,2024-11-04
48,Мирон Ерофеевич Филатов,azari64@example.org,80974395339,2024-11-14
49,Молчанова Вера Болеславовна,nikiforovaninel@example.org,85214562328,2026-03-15
50,Светлана Сергеевна Сысоева,grigori47@example.com,8 171 236 8516,2024-05-14
51,Владилен Филиппович Фомин,foti65@example.org,+7 (709) 859-3174,2025-09-20
52,Вышеслав Андреевич Блохин,antonovapolina@example.org,+7 382 675 86 92,2026-03-22
53,Валерьян Эдгардович Горбачев,rmjasnikova@example.org,8 377 351 5850,2025-03-09
54,Виталий Филиппович Тарасов,eduardlitkin@example.org,+7 532 931 8393,2026-01-25
55,Лора Вениаминовна Устинова,egorovaveronika@example.org,8 (421) 020-5395,2024-05-16
56,Зайцев Владлен Федосеевич,vikenti_2020@example.org,8 (758) 917-83-90,2025-11-19
57,Регина Кузьминична Рыбакова,semenovaolga@example.com,8 177 115 92 12,2024-12-03
58,Логинова Таисия Леонидовна,hrjabova@example.com,8 (896) 118-36-73,2025-03-21
59,Радован Трифонович Аксенов,veselovparfen@example.com,+75271111615,2026-01-24
60,Семенов Фрол Игнатович,tihonovmina@example.net,8 049 451 98 32,2025-09-26
61,Велимир Иларионович Сазонов,modest_1977@example.com,83689980940,2024-09-21
62,Леонид Игоревич Шестаков,korolevaveronika@example.net,8 120 183 66 75,2024-09-03
63,Любосмысл Архипович Доронин,stepanovagalina@example.net,+7 147 679 7643,2025-12-11
64,Коновалова Нина Вадимовна,evfrosinija97@example.net,+70369003432,2025-12-18
65,Макар Валерианович Иванов,olga1999@example.org,+7 (683) 885-16-06,2024-05-18
66,Бажен Жанович Игнатьев,zromanova@example.net,8 416 052 97 51,2025-04-08
67,Зинаида Оскаровна Сафонова,fbogdanova@example.com,+75352181883,2026-04-07
68,Любовь Вениаминовна Фролова,kulikovisa@example.org,+7 (921) 277-99-79,2025-09-15
69,Ефремова Лидия Кузьминична,ninelvinogradova@example.com,8 (449) 058-14-77,2024-06-02
70,Никонов Конон Артемьевич,gorbachevcheslav@example.net,8 798 079 35 97,2025-05-28
71,Семенов Радим Бориславович,ljubov_18@example.net,+7 (037) 788-92-55,2026-04-16
72,Осип Игоревич Ларионов,vishnjakovalora@example.org,8 186 449 2519,2025-10-01
73,Шестаков Леонид Тимурович,feklarogova@example.org,+78652816850,2025-02-09
74,Ермил Измаилович Блохин,evdokim1985@example.org,+7 (141) 888-05-92,2025-08-10
75,Гремислав Гавриилович Никонов,ninelsoloveva@example.com,8 379 473 8347,2026-04-06
76,Маргарита Филипповна Быкова,tatjana1989@example.com,8 (862) 392-4075,2025-07-08
77,Регина Васильевна Боброва,fadeevgostomisl@example.com,8 (826) 137-50-60,2025-03-07
78,Фролова Мария Артемовна,zahar_05@example.org,8 220 472 7790,2026-04-07
79,Сидоров Ермолай Вилорович,militsa_2011@example.net,8 143 410 36 97,2024-06-21
80,Лихачев Сигизмунд Аверьянович,firs_1986@example.net,+7 (460) 953-96-21,2025-06-14
81,Ангелина Станиславовна Некрасова,silvestr_2007@example.org,8 706 540 51 53,2025-11-24
82,Орлова Фаина Леоновна,alinakazakova@example.net,8 277 221 7043,2024-06-07
83,Алина Кузьминична Тетерина,sofon68@example.com,+70345054156,2026-03-25
84,Потап Теймуразович Ширяев,polinashubina@example.com,8 841 616 9284,2025-01-08
85,Большаков Лавр Ефремович,erast2018@example.com,+7 (757) 059-64-01,2025-10-07
86,Громова Раиса Валериевна,baranovaeleonora@example.net,8 (021) 355-69-09,2024-08-31
87,Блохина Маргарита Максимовна,sofija1975@example.net,+7 (856) 543-10-27,2025-06-10
88,Феликс Валерианович Белоусов,ksenija73@example.net,+77312172715,2025-10-04
89,Артемий Ермолаевич Рожков,gleb25@example.net,+7 (132) 370-5895,2025-05-02
90,Таисия Владимировна Костина,golubevleonid@example.com,8 (866) 912-51-77,2025-10-14
91,Гусева Таисия Эдуардовна,vasilisagorbunova@example.net,+7 182 422 5358,2026-03-30
92,Богдан Димитриевич Лазарев,kir_1978@example.net,+79818299229,2025-11-14
93,Лукия Феликсовна Волкова,fedorovaalina@example.net,84396907844,2025-05-14
94,Константинов Онуфрий Ефимович,afanasi2016@example.org,+7 (767) 735-92-55,2025-11-25
95,Любовь Ниловна Титова,sofon_81@example.com,+7 (714) 732-1046,2026-03-06
96,Крылова Галина Леонидовна,evgraf_27@example.net,8 (747) 016-87-33,2025-07-31
97,Антип Еремеевич Горшков,konon2006@example.org,+7 624 565 06 09,2025-07-14
98,Жданов Константин Артёмович,cmorozova@example.net,+79912165585,2025-12-11
99,Елисеев Симон Трифонович,andron_1973@example.org,+7 (578) 729-82-59,2025-01-06
100,Горбачев Ладимир Игоревич,simon_2006@example.com,84705516940,2025-08-10
101,Фока Давыдович Молчанов,loginovaolga@example.org,8 (962) 309-1307,2025-01-02
102,Остромир Гертрудович Тихонов,fevronija_2011@example.com,+7 283 857 8652,2025-04-26
103,Лукия Тимофеевна Казакова,julian73@example.org,+78434437575,2025-07-13
104,Ирина Ильинична Ильина,natan_1996@example.com,+7 (404) 157-47-33,2026-02-06
105,Тетерина Тамара Ивановна,valentinagorbacheva@example.net,83308330165,2025-11-12
106,Всеслав Абрамович Силин,gleb_1997@example.net,8 (734) 540-19-38,2025-11-28
107,Колобова Александра Вячеславовна,lustinova@example.org,8 724 004 99 15,2024-12-11
108,Тихон Эдгарович Белозеров,praskovjaabramova@example.com,+7 (152) 742-0549,2025-10-09
109,Дарья Юрьевна Гордеева,blarionova@example.net,8 161 227 5304,2025-02-25
110,Ситников Карл Игнатович,fortunat90@example.com,8 301 742 6841,2025-09-12
111,Кира Максимовна Горбачева,efimkondratev@example.org,8 (279) 568-78-33,2025-10-14
112,Анжелика Станиславовна Третьякова,ksenija_1994@example.org,81088398225,2026-02-26
113,Андреева Евфросиния Харитоновна,budimir2004@example.com,+7 728 679 0874,2025-11-16
114,Сидоров Авдей Григорьевич,solovevpanfil@example.com,+7 801 704 62 26,2025-02-18
115,тов. Третьякова Марина Мироновна,fedoseevtimur@example.org,8 128 682 3004,2025-04-28
116,Некрасова Наталья Тарасовна,oagafonova@example.org,8 (524) 310-69-03,2024-10-11
117,Кириллов Ананий Филатович,nikolaevaalina@example.com,8 (383) 028-43-95,2025-07-26
118,Муравьева Лидия Егоровна,gavrila83@example.com,+74089268705,2025-09-15
119,Устинова Светлана Кузьминична,jzikov@example.com,8 287 334 27 08,2025-03-20
120,Тамара Станиславовна Кузьмина,qmartinov@example.org,8 175 183 0469,2025-08-15
121,Богданов Евгений Григорьевич,emeljan1992@example.com,+7 331 739 3638,2025-01-08
122,Марина Рубеновна Лукина,leon_45@example.net,8 (717) 535-56-09,2026-03-06
123,Куликов Аггей Дорофеевич,foti_2009@example.net,8 423 536 93 78,2025-09-24
124,Лукия Ждановна Фадеева,marija2013@example.net,8 (725) 228-72-80,2025-06-14
125,Сазонов Афиноген Анисимович,tihonovavera@example.net,+7 (120) 387-5099,2026-04-12
126,Севастьян Аверьянович Иванов,ustin_1997@example.org,+7 848 408 6211,2025-06-15
127,Григорьев Якуб Димитриевич,karl_61@example.com,8 793 341 01 66,2025-02-20
128,Павлова Агафья Викторовна,chernovplaton@example.net,8 918 033 9740,2026-04-21
129,Стрелков Климент Александрович,larisasokolova@example.org,82614293968,2025-01-16
130,Вышеслав Артурович Овчинников,apollinari_16@example.org,+7 599 965 04 77,2024-10-28
131,Назар Феликсович Герасимов,xromanov@example.net,+73114262655,2024-07-25
132,Фокин Леон Феофанович,sinklitikija_41@example.org,+7 267 888 61 01,2025-02-02
133,Кириллова Фёкла Леонидовна,skozlov@example.com,8 183 982 62 24,2024-12-23
134,Галактион Арсенович Сергеев,azhdanov@example.com,8 (154) 379-93-71,2024-08-17
135,Николай Игнатьевич Одинцов,vevdokimova@example.com,8 692 459 3752,2025-03-09
136,Кира Рудольфовна Меркушева,ljubosmislmelnikov@example.com,8 519 398 28 07,2025-11-05
137,Лаврентьев Кузьма Арсеньевич,ffomina@example.org,+73426617979,2025-03-11
138,Стрелкова Наина Тимофеевна,vishnjakovamaja@example.net,8 (911) 352-9096,2025-12-09
139,Петр Борисович Кузнецов,osipovefrem@example.net,8 (899) 375-6798,2024-08-29
140,Аким Харлампьевич Орлов,pavel11@example.net,+7 (545) 738-75-71,2025-04-09
141,Савельева Лариса Афанасьевна,anike10@example.com,+7 238 282 58 67,2024-10-31
142,Евгения Геннадиевна Кабанова,bvishnjakov@example.net,83796603341,2025-07-26
143,Уваров Терентий Гаврилович,ljubosmisl_37@example.org,+77859696915,2025-02-01
144,Юлия Вячеславовна Авдеева,juri91@example.net,+7 (513) 412-52-86,2025-03-24
145,Игнатьева Мария Олеговна,pelagejakalashnikova@example.net,+7 (827) 422-57-90,2026-03-07
146,Авксентий Чеславович Кузьмин,nestorsilin@example.net,8 (767) 677-2190,2026-01-12
147,Кира Антоновна Егорова,timofedmitriev@example.org,8 (978) 819-14-85,2025-06-29
148,Алина Павловна Некрасова,paramonorlov@example.net,+7 (407) 451-7133,2026-01-23
149,Пахомова Любовь Юрьевна,nsuhanov@example.org,+7 (309) 584-9825,2025-11-01
150,Филипп Евстигнеевич Селиверстов,evfrosinija_2025@example.org,+7 (604) 223-25-36,2025-05-19
151,Евдокимов Карп Фёдорович,elihachev@example.net,+7 684 577 59 01,2025-11-22
152,Людмила Афанасьевна Евсеева,nikon_1984@example.com,+7 (745) 458-9297,2026-01-06
153,Анисим Андреевич Комаров,agge1978@example.org,8 (706) 324-24-15,2024-11-14
154,Харитонов Григорий Антипович,tegorova@example.net,+7 (611) 037-1293,2025-06-11
155,Кузнецова Агафья Львовна,samolovpanfil@example.net,+7 (713) 611-15-54,2024-08-18
156,Всеволод Викторович Виноградов,feoktist_1970@example.net,+7 (753) 269-73-11,2024-08-20
157,Феврония Натановна Шестакова,yevdokimov@example.org,+7 (413) 899-9404,2024-10-10
158,Панфилова Евдокия Никифоровна,anzhela03@example.com,8 137 918 05 52,2025-02-28
159,Татьяна Николаевна Громова,elena_1981@example.com,+7 091 043 00 68,2024-12-12
160,Овчинникова Наина Олеговна,osergeev@example.net,8 (924) 141-8328,2025-01-12
161,Артемий Ефстафьевич Игнатов,ptrofimova@example.org,+7 (161) 799-0421,2024-05-13
162,Филатова Агафья Валериевна,milan2005@example.net,+72524105648,2024-06-22
163,Флорентин Артемьевич Чернов,sokrat1994@example.org,8 (925) 241-91-38,2024-05-05
164,Самойлов Агап Демьянович,voronovamaja@example.com,+7 (208) 635-36-54,2026-02-04
165,Давыдов Виссарион Юлианович,borisovaelena@example.net,+7 617 445 1870,2025-02-14
166,Воронцов Лазарь Демьянович,modest2010@example.com,+7 (832) 060-3850,2025-01-19
167,Прохоров Назар Ефремович,ershovtaras@example.org,8 702 410 38 65,2025-04-25
168,Анжелика Харитоновна Белова,vsevolod_2013@example.com,+7 990 623 44 56,2025-10-30
169,Лидия Кузьминична Савельева,igor13@example.org,81212775618,2025-02-06
170,Евфросиния Петровна Тимофеева,kapiton1978@example.org,+7 (490) 352-13-56,2025-06-06
171,Петухов Казимир Всеволодович,seliverstovamilitsa@example.com,8 (831) 712-1003,2024-08-13
172,Власов Мокей Архипович,afinogen01@example.org,8 (215) 107-02-96,2026-02-01
173,Чернова Алевтина Мироновна,wkonovalov@example.org,+7 (447) 209-99-34,2025-05-26
174,Ульян Харлампович Семенов,matveevnestor@example.org,8 383 806 57 87,2025-01-26
175,Прасковья Леонидовна Колесникова,dmitri05@example.net,+7 (040) 785-9321,2024-11-12
176,Федотова Синклитикия Аркадьевна,firssazonov@example.com,8 223 955 9059,2025-07-15
177,Блохин Евгений Эдгарович,leonid_1981@example.com,+7 103 930 8705,2026-04-16
178,Константинова Василиса Львовна,lidijasemenova@example.org,+7 (921) 851-56-91,2025-01-20
179,Всемил Владиленович Гурьев,okosheleva@example.com,8 289 539 2644,2024-08-10
180,Смирнов Филипп Тимурович,korolevaeleonora@example.com,83917251355,2024-09-11
181,Силина Анна Леоновна,avtonom1988@example.org,+7 (154) 100-6762,2026-03-22
182,Наркис Иларионович Некрасов,emedvedev@example.net,+7 (271) 040-5411,2025-01-24
183,Мельников Гостомысл Артемьевич,vadim_1992@example.net,87062962015,2024-10-10
184,Надежда Тимуровна Молчанова,kapiton_2014@example.com,+73106987205,2024-05-06
185,Куприян Харлампович Медведев,kozlovelise@example.org,+71714677418,2025-03-01
186,Доронин Наум Исидорович,nonnasoloveva@example.com,8 (743) 490-21-15,2026-01-21
187,Лыткина Феврония Евгеньевна,arkadi_1996@example.net,8 879 374 16 08,2025-07-21
188,Ульяна Яковлевна Куликова,seliverstovprohor@example.org,+7 (332) 061-63-29,2024-11-20
189,Артем Афанасьевич Колесников,nikon_2007@example.com,+78709986162,2024-08-27
190,Логинова Антонина Борисовна,ustinovkonon@example.net,8 646 799 7024,2025-03-12
191,Кошелев Олег Алексеевич,vbragina@example.net,+7 (074) 505-4447,2026-03-01
192,Комарова Елизавета Валентиновна,oktjabrina75@example.com,8 913 736 78 50,2025-06-08
193,Ангелина Константиновна Рогова,olimpi_1979@example.net,80233030705,2025-11-02
194,Фомин Ростислав Юльевич,hanisimova@example.net,+7 357 972 7985,2025-01-26
195,Рожков Исидор Бенедиктович,alekse60@example.org,83333468007,2026-04-11
196,Захаров Эмиль Августович,ippolitkoshelev@example.com,+76657437489,2025-03-08
197,Иванова Раиса Максимовна,anzhelika_2010@example.net,+74171545444,2024-09-27
198,Фадеев Иларион Антонович,ukonovalova@example.net,+7 (074) 466-60-99,2026-01-27
199,Владимиров Ефрем Харламович,silvestr_42@example.net,8 (241) 724-8251,2024-10-23
200,Леон Федосеевич Устинов,moke_49@example.com,8 (170) 999-17-38,2024-08-05
201,Марина Станиславовна Петухова,jkiselev@example.org,+7 (569) 725-2175,2025-09-06
202,Лариса Аркадьевна Иванова,kir1984@example.org,82712966667,2025-02-25
203,Лукин Евстигней Марсович,rozhkovalidija@example.net,+7 (003) 354-2168,2025-08-04
204,Артемий Андреевич Петухов,ratibor89@example.net,8 625 753 2603,2024-10-25
205,Титова Екатерина Архиповна,david_1978@example.com,+7 648 909 0100,2025-10-21
206,Зуев Натан Валерьевич,ippolit_2002@example.net,+7 (304) 618-49-92,2025-03-25
207,Валентина Степановна Молчанова,bobrovvikenti@example.org,8 (393) 483-56-42,2024-06-03
208,Сысоева Евфросиния Романовна,izmail_00@example.net,+7 197 218 11 43,2025-04-23
209,Кира Захаровна Суворова,komarovadarja@example.org,+75561100225,2025-02-05
210,Юлия Ивановна Шашкова,davidovmefodi@example.org,+7 667 467 62 12,2025-10-26
211,Фокина Галина Борисовна,lsazonova@example.com,87296590277,2024-07-30
212,Нинель Аскольдовна Голубева,valerija50@example.net,8 (993) 588-9163,2025-05-13
213,Никандр Вилорович Дьячков,juli_1973@example.org,+7 (877) 217-53-54,2024-06-12
214,Хохлова Марина Ниловна,bogdanribakov@example.com,87177517016,2025-03-20
215,Хохлов Август Бенедиктович,simon83@example.net,8 (550) 375-89-97,2025-11-11
216,Терентьева Нонна Вадимовна,mishinefrem@example.org,8 548 851 0272,2026-02-01
217,Молчанова Надежда Борисовна,julian33@example.org,8 373 516 09 17,2025-04-24
218,Пестова Прасковья Валентиновна,averki2006@example.net,+7 869 782 9221,2025-02-28
219,Кошелева Лидия Сергеевна,mdjachkov@example.net,+7 (465) 472-2698,2024-12-22
220,Таисия Кузьминична Кулакова,akulina_1984@example.org,+7 (945) 228-8515,2025-07-14
221,Филимон Фёдорович Муравьев,konon_1998@example.org,8 (106) 200-3424,2025-10-16
222,Аркадий Ерофеевич Ершов,amos_1994@example.com,+7 983 863 84 06,2025-03-01
223,Лонгин Антипович Попов,egor97@example.org,8 989 334 7212,2024-09-15
224,Ковалева Марина Аскольдовна,jnaumov@example.com,+7 (294) 057-20-25,2025-08-10
225,Тетерин Ярослав Ефимьевич,filipp2007@example.com,+7 583 281 82 68,2025-06-25
226,Милен Гурьевич Доронин,maksimiljansuhanov@example.com,+73987801573,2026-04-06
227,Русакова Юлия Ефимовна,fedoseevalidija@example.com,+7 648 408 58 87,2025-05-17
228,Самсонов Евдоким Захарьевич,boris_1976@example.org,8 (801) 336-1386,2025-09-18
229,Анжела Владиславовна Козлова,maja1992@example.org,+7 102 481 93 46,2025-03-01
230,Онуфрий Феликсович Веселов,kolesnikovavarvara@example.net,+7 919 015 8144,2025-08-18
231,Фадеев Порфирий Тарасович,qharitonova@example.org,8 (283) 268-42-45,2024-05-12
232,Наумова Вероника Васильевна,ivanovauljana@example.net,8 881 435 36 82,2024-09-06
233,Горбачев Ипполит Георгиевич,korolevferapont@example.org,8 (781) 414-1397,2025-01-15
234,Измаил Бориславович Бобров,mjasnikovevlampi@example.com,8 (759) 492-99-55,2025-04-01
235,Веселов Иосиф Гурьевич,xzhdanov@example.org,8 777 547 8129,2024-07-06
236,Вера Тарасовна Лазарева,natalja11@example.org,8 (099) 693-0848,2026-03-29
237,тов. Лапина Виктория Михайловна,xtretjakov@example.net,+72788165803,2026-02-21
238,Эмилия Викторовна Симонова,visheslav_2000@example.org,+7 (992) 750-37-31,2024-11-25
239,Андроник Гертрудович Михеев,nikanor_77@example.org,+7 518 449 8926,2025-09-23
240,Фрол Артемьевич Михеев,nazar38@example.com,8 577 908 2723,2024-07-02
241,Матвеева Екатерина Владиславовна,galinadenisova@example.net,+7 365 177 73 92,2025-09-18
242,Акулина Ефимовна Соловьева,uljanakapustina@example.org,+7 (809) 202-42-86,2025-08-12
243,Акулина Ильинична Блохина,rjabovprohor@example.net,8 (723) 692-92-98,2024-11-25
244,Зимин Мефодий Филиппович,danilovnarkis@example.com,+7 (103) 886-29-12,2025-05-08
245,Фёкла Антоновна Шашкова,sila_2021@example.org,+7 729 806 86 50,2025-10-27
246,Данилова Ольга Мироновна,hariton_91@example.com,+7 (473) 149-86-43,2024-05-08
247,Вишнякова Агата Филипповна,viktorin_2005@example.org,8 356 512 69 44,2026-02-27
248,Воронцова Майя Юрьевна,ekaterina63@example.com,8 (872) 588-7449,2025-01-26
249,Марфа Валентиновна Красильникова,dementevivan@example.com,+7 (138) 658-90-26,2025-09-09
250,Тарасов Галактион Харитонович,eborisov@example.com,+7 (519) 066-9849,2024-06-17
251,Дарья Святославовна Быкова,medvedevaregina@example.com,+7 (098) 839-2053,2025-09-24
252,Яковлев Боян Елизарович,qkrjukov@example.com,8 938 011 84 89,2025-01-29
253,Кирилл Давидович Кошелев,radovanteterin@example.com,80426818184,2025-01-23
254,Раиса Ждановна Шашкова,firs_1987@example.net,8 (697) 357-79-07,2024-08-02
255,Наум Гурьевич Ларионов,lukatihonov@example.com,8 (804) 341-6518,2026-04-27
256,Веселов Мина Григорьевич,dobromisl37@example.net,+7 (334) 333-3952,2025-12-30
257,Русаков Богдан Эдгарович,fadeevasofija@example.org,8 (595) 794-72-84,2025-03-09
258,Игнатьев Владимир Антипович,panfil_2002@example.net,+7 856 271 8750,2024-05-13
259,Щербакова Фаина Болеславовна,mitofan_94@example.org,8 (434) 795-5276,2024-10-14
260,Мокей Иосифович Красильников,cshilov@example.org,82931438663,2024-08-25
261,Виктория Руслановна Константинова,borisovanaina@example.com,+7 (885) 744-89-06,2024-07-19
262,Семенова Екатерина Ждановна,agafja1976@example.com,8 455 884 5061,2025-01-31
263,Элеонора Геннадьевна Игнатьева,demid_2023@example.com,8 587 716 9472,2026-03-09
264,Константинов Мартын Федосеевич,emolchanova@example.org,+7 (535) 544-96-47,2025-12-31
265,Майя Эдуардовна Галкина,ostromir1981@example.org,+7 234 132 6111,2026-05-01
266,Таисия Альбертовна Козлова,wbogdanova@example.org,+7 492 164 33 47,2025-09-02
267,Назаров Данила Аксёнович,nesterovaljudmila@example.com,8 (784) 872-82-99,2025-04-23
268,Калашникова Татьяна Оскаровна,alla_2013@example.net,+75783174564,2024-09-01
269,Август Венедиктович Коновалов,rjurik80@example.net,8 (740) 649-30-85,2024-09-27
270,Феликс Феодосьевич Афанасьев,gremislavterentev@example.net,8 634 163 89 44,2025-09-19
271,Корнилова Ираида Наумовна,arhipkorolev@example.org,+71797497350,2024-08-30
272,Лукин Азарий Гаврилович,bobrovkarp@example.org,8 (031) 207-35-64,2026-01-04
273,Маргарита Рубеновна Игнатова,suhanovaanzhelika@example.org,+7 461 872 3460,2024-08-06
274,Зинаида Натановна Мамонтова,iosif2020@example.org,+7 (718) 376-4520,2025-12-03
275,Регина Васильевна Максимова,alina1990@example.org,8 031 365 0249,2024-08-04
276,Илья Августович Лыткин,savinaolimpiada@example.net,82513271950,2024-06-19
277,Герасим Борисович Гусев,igor1991@example.net,8 730 652 4077,2025-07-12
278,Селиван Геннадиевич Ермаков,sofijashestakova@example.com,8 (498) 218-27-44,2025-06-28
279,Август Юльевич Щербаков,akulinaorehova@example.com,83518638782,2025-08-23
280,Осип Захарьевич Макаров,galkinartem@example.org,+7 (203) 173-10-96,2025-09-27
281,Ярополк Дмитриевич Васильев,efrem_91@example.org,+7 (717) 058-6509,2024-11-26
282,Гурьева Анжела Кузьминична,fokinermola@example.net,+7 138 633 83 92,2025-07-11
283,Наина Борисовна Комиссарова,evdokija_76@example.org,+7 (286) 852-89-75,2026-04-04
284,Любосмысл Марсович Тихонов,umuraveva@example.com,83983684577,2025-03-08
285,Морозов Кондратий Аверьянович,vsemil_1990@example.org,+73350488899,2024-09-01
286,Рыбаков Мир Витальевич,ivannagromova@example.net,+7 (344) 196-9315,2026-01-09
287,Севастьян Богданович Кириллов,andre96@example.org,+7 556 613 9060,2024-12-26
288,Филиппова София Феликсовна,lidijaovchinnikova@example.net,+7 (206) 799-8136,2024-12-15
289,Вероника Владимировна Ширяева,muhinfilimon@example.net,+7 864 168 6227,2025-07-12
290,Афанасьев Филимон Герасимович,jakov_2020@example.net,+7 (314) 659-1166,2025-02-11
291,Любим Изотович Кириллов,mamontovaksenija@example.org,8 979 270 3352,2025-12-13
292,Михайлова Валерия Альбертовна,jakubgushchin@example.org,+70514770538,2024-10-15
293,Галкин Исидор Харлампьевич,akulinamelnikova@example.net,8 (042) 043-9407,2025-09-24
294,Ангелина Натановна Нестерова,veronika51@example.org,+76368157981,2024-09-25
295,Меркушев Ратмир Адамович,krilovasvetlana@example.com,8 762 055 5438,2024-12-04
296,Зоя Натановна Белозерова,fokinatamara@example.com,+7 (256) 216-8936,2024-11-06
297,Котова Ксения Юльевна,prohor_82@example.org,+7 (983) 248-26-29,2026-04-16
298,Виноградов Федосий Валерианович,larisadjachkova@example.org,+7 566 474 2312,2024-09-24
299,Костин Яков Евстигнеевич,eduardzhukov@example.org,+7 517 289 7526,2025-05-20
300,Гремислав Георгиевич Цветков,isakovaagafja@example.com,8 333 127 97 57,2026-03-24
301,Онуфрий Анатольевич Кошелев,usuvorova@example.com,89988081770,2026-03-16
302,тов. Зиновьева Алина Федоровна,wpavlova@example.net,+7 347 644 7264,2025-08-23
303,Регина Вениаминовна Суворова,budimir2019@example.net,+7 298 266 57 02,2025-04-21
304,Кулакова Евпраксия Робертовна,maksimovljubomir@example.net,+7 (111) 751-86-89,2024-09-05
305,Натан Андреевич Комиссаров,loravorontsova@example.net,+7 (222) 064-47-42,2024-08-03
306,Евпраксия Александровна Ефремова,agap77@example.com,8 (097) 339-7767,2024-07-04
307,Иванова Зинаида Тимуровна,jakub83@example.org,+7 (205) 020-99-45,2026-04-18
308,Киселев Панкратий Вячеславович,ijakostina@example.net,89827950145,2025-02-14
309,Ангелина Олеговна Одинцова,artemi_1989@example.com,+7 (145) 868-33-90,2024-07-27
310,Евдокимова Светлана Богдановна,marija2016@example.net,+76954899529,2025-07-15
311,тов. Горшков Дмитрий Даниилович,evlampi01@example.org,8 (139) 660-55-83,2024-05-12
312,Пахомова Ия Ждановна,timofeevladimir@example.net,8 (501) 556-9902,2024-10-01
313,Мартьян Харлампович Фомичев,anatoli2013@example.org,8 (278) 576-08-49,2025-11-18
314,Наумова Синклитикия Архиповна,florentinzimin@example.com,8 124 056 8299,2025-03-02
315,Андреев Леон Жанович,dorofeevanadezhda@example.org,8 (357) 438-42-15,2026-01-03
316,Медведев Вадим Феофанович,akim_2024@example.com,8 (235) 784-5218,2025-10-11
317,г-жа Владимирова Александра Робертовна,hsaveleva@example.org,+7 409 157 0184,2024-05-21
318,Никифорова Евфросиния Леонидовна,evdokimdmitriev@example.com,8 (571) 422-4109,2025-07-12
319,Ершова София Макаровна,luchezar_1988@example.org,+79321495870,2024-08-13
320,Лихачев Антип Борисович,fkiselev@example.com,8 299 795 45 38,2024-07-04
321,Октябрина Феликсовна Титова,avdeevruslan@example.org,8 (477) 332-94-56,2024-09-23
322,Харитонова Лора Леонидовна,sevastjan1972@example.org,8 (157) 724-59-92,2025-06-02
323,Зыков Вацлав Зиновьевич,anna_1974@example.com,8 (769) 639-3827,2025-02-26
324,Никитин Харлампий Феликсович,yjakovleva@example.com,8 (321) 971-9975,2025-07-09
325,Зуев Демьян Ефремович,mkudrjavtsev@example.org,86570132902,2025-09-29
326,Лукин Кузьма Терентьевич,evse1983@example.net,8 494 651 9098,2025-03-13
327,Кира Аркадьевна Фомина,apollinari_1970@example.net,8 (514) 036-9656,2025-03-15
328,Трифон Гордеевич Нестеров,olimpiadakudrjavtseva@example.org,8 (656) 242-2010,2024-08-23
329,Мартынова Нина Валентиновна,kudrjavtsevpavel@example.com,86927868765,2024-10-26
330,Елисеев Аверьян Эдуардович,sidorfedotov@example.com,8 (950) 097-5197,2025-10-22
331,Артемьев Степан Елисеевич,sofron1975@example.net,81371894905,2025-06-23
332,Олимпиада Робертовна Копылова,filipp2019@example.com,8 544 209 49 40,2025-09-04
333,Давыд Антипович Прохоров,ninel90@example.com,8 (128) 144-29-44,2026-03-01
334,Вениамин Всеволодович Буров,nonnafomina@example.org,+73728051292,2026-02-13
335,тов. Мамонтов Нестор Данилович,marfa2013@example.org,+7 (950) 410-2767,2024-12-24
336,Твердислав Даниилович Щербаков,qblohin@example.org,8 (604) 765-8018,2025-09-11
337,Пимен Егорович Миронов,karl14@example.net,86739385258,2024-05-12
338,Никонова Ангелина Андреевна,hlazarev@example.org,8 (534) 430-09-10,2026-05-02
339,Рожкова Екатерина Эльдаровна,rogovvissarion@example.org,82692124471,2025-09-12
340,Кирилл Федотович Шубин,isa_21@example.com,+7 665 044 2717,2026-04-25
341,Карпов Денис Эдгардович,baranovtimur@example.com,+7 (917) 410-1194,2025-12-28
342,Сергей Вилорович Лапин,teterinaaleksandra@example.net,8 425 690 87 76,2025-03-13
343,Ангелина Тимофеевна Цветкова,blinovaolga@example.org,88554601585,2024-07-05
344,Кира Геннадьевна Борисова,andron_1996@example.net,+7 (461) 571-7320,2024-09-30
345,Капустин Изяслав Эдгардович,ygusev@example.net,+77870050506,2024-08-03
346,Лапин Станимир Фокич,gennadi_2020@example.net,+7 (102) 707-9032,2024-05-15
347,Васильев Леон Богданович,julian1981@example.net,+7 117 993 13 65,2026-01-24
348,Милица Леонидовна Ковалева,vseslav_1991@example.org,+7 925 114 2625,2025-07-07
349,Николаев Фома Анатольевич,antoninavishnjakova@example.net,86207100219,2026-03-23
350,Савелий Валерьянович Ершов,iraidagalkina@example.com,8 329 092 79 14,2025-01-29
351,Федосий Данилович Григорьев,lobanovvalentin@example.net,8 883 734 0312,2025-10-18
352,Олимпиада Святославовна Борисова,alinazatseva@example.net,8 436 459 7010,2026-04-22
353,Яковлева Алевтина Рудольфовна,viktor_1974@example.org,8 (995) 635-31-53,2024-07-19
354,Тихонов Евстигней Матвеевич,afanasivoronov@example.net,8 (062) 397-26-52,2025-04-24
355,Евдокимова Людмила Ивановна,markgusev@example.org,80421776253,2026-03-23
356,Глеб Власович Игнатьев,ivan_1975@example.com,8 (739) 774-0633,2025-01-13
357,Ефрем Вилорович Сысоев,aksenovaalina@example.org,8 (806) 867-17-73,2024-07-07
358,Попова Надежда Даниловна,ljudmilaanisimova@example.org,+7 074 279 90 77,2025-12-24
359,Крюков Онуфрий Гаврилович,jaroslav_70@example.net,+7 658 046 49 89,2026-01-11
360,Зимин Болеслав Игнатьевич,kopilovamaja@example.org,+7 657 905 52 81,2025-07-13
361,Ершова Вера Леоновна,timurandreev@example.net,8 (933) 554-86-40,2024-06-22
362,Радислав Чеславович Овчинников,vitali_2001@example.net,8 (847) 951-3711,2025-03-03
363,Ия Анатольевна Киселева,irinamakarova@example.net,+7 (723) 804-68-27,2025-01-28
364,Адриан Ермолаевич Пономарев,lebedevignati@example.net,8 695 579 8877,2024-12-26
365,Самсонова Ксения Викторовна,zosima75@example.com,+7 254 729 2842,2024-09-17
366,Виктория Валериевна Фролова,volkovlukjan@example.net,+7 (745) 238-05-52,2025-02-17
367,Гремислав Ефимьевич Ильин,maslovapolina@example.org,8 (520) 885-47-49,2025-10-03
368,Воронцов Пров Игоревич,gurevsamuil@example.org,+7 (814) 069-37-51,2025-01-12
369,Носков Евлампий Гурьевич,evse01@example.net,8 (186) 375-99-80,2026-04-09
370,Афанасьева Вероника Олеговна,nikandr_50@example.com,8 547 813 7674,2024-09-08
371,Наталья Николаевна Кудрявцева,baranovemeljan@example.com,8 (851) 961-06-46,2024-09-16
372,Рогова Татьяна Валентиновна,dorofeshchukin@example.com,+78704947873,2024-05-24
373,Виктория Захаровна Петухова,vladilen2014@example.net,+76273014719,2025-12-04
374,Светозар Феодосьевич Беспалов,agata71@example.com,8 (904) 290-2572,2025-02-05
375,Дорофеев Мирослав Федосеевич,anisim_44@example.net,+7 832 192 85 54,2024-11-30
376,Пахомова Майя Болеславовна,foka_1993@example.org,+7 284 576 5213,2024-09-01
377,Никонова Евдокия Федоровна,tverdislav_2018@example.net,+7 671 120 75 45,2024-08-19
378,Фёкла Семеновна Фадеева,dementi_40@example.net,+7 322 342 32 16,2025-10-22
379,Валерия Анатольевна Соколова,regina1999@example.org,+7 (108) 907-1401,2024-12-24
380,Симонова Антонина Васильевна,frolmjasnikov@example.org,+7 (501) 249-55-28,2025-12-31
381,Журавлева Прасковья Феликсовна,komarovfoka@example.org,8 (334) 280-1387,2025-02-12
382,Герасимова Нинель Борисовна,ljudmilashcherbakova@example.com,+7 (836) 151-7182,2025-05-24
383,Ия Федоровна Молчанова,mihalovalidija@example.com,+7 647 947 38 64,2026-02-27
384,Архип Харламович Субботин,denis_07@example.net,+7 678 112 66 91,2025-11-30
385,Глафира Афанасьевна Громова,martjanmedvedev@example.net,8 136 749 94 65,2025-05-08
386,Селиверстова Милица Рудольфовна,klavdi_1980@example.com,+7 147 732 01 01,2025-05-25
387,Лыткина Дарья Мироновна,gerasim_49@example.net,+7 187 734 77 84,2025-06-29
388,Тимур Аверьянович Селиверстов,gorbunovavarvara@example.com,8 (567) 700-28-42,2025-05-20
389,Леонтий Терентьевич Мартынов,ermakovseliverst@example.net,8 (897) 782-8064,2025-05-23
390,Мельникова Эмилия Матвеевна,ljubim00@example.net,+7 255 905 6165,2025-02-05
391,Аполлон Демьянович Крылов,leontikapustin@example.org,+7 415 208 50 76,2025-07-19
392,Гаврилова Ираида Архиповна,hariton1971@example.com,8 965 917 13 57,2025-05-29
393,Лукия Викторовна Горбачева,mihail63@example.com,+7 834 404 96 39,2025-12-02
394,Фаина Болеславовна Капустина,kim_19@example.net,8 (635) 148-46-85,2024-10-06
395,Ипатий Якубович Панов,dmitri_1971@example.net,8 (297) 374-8969,2025-11-19
396,Галкина Евпраксия Михайловна,gedeon1986@example.org,+76651364424,2025-10-19
397,Маслова Жанна Вадимовна,evdokijanovikova@example.org,+77786603242,2024-05-26
398,Клавдий Вячеславович Носков,silinapelageja@example.org,+7 159 416 5162,2024-11-03
399,Зиновьев Сидор Валерианович,viktorija_2009@example.net,+77139155963,2026-04-30
400,Гаврила Борисович Захаров,kirbikov@example.com,+79078515867,2025-10-16
401,Клавдий Виленович Денисов,ljudmila1995@example.com,+7 900 348 6451,2025-06-23
402,Нинель Натановна Кузнецова,qshashkova@example.com,+7 343 275 60 41,2026-02-02
403,Пелагея Руслановна Зиновьева,vshashkova@example.net,8 124 815 69 85,2025-04-21
404,Фадеева Алла Геннадиевна,anastasija1979@example.org,8 345 911 23 82,2026-02-20
405,Тихонова Лариса Петровна,nina1979@example.com,+7 (954) 316-52-66,2026-02-11
406,Елена Архиповна Блохина,strelkovatamara@example.net,83173420696,2025-08-13
407,Бронислав Исидорович Романов,popovstepan@example.com,8 (713) 334-47-62,2025-04-04
408,Фёкла Даниловна Бирюкова,militsa36@example.org,8 204 439 73 59,2025-10-17
409,Михайлова Агафья Руслановна,lidijaturova@example.net,8 366 941 18 00,2025-01-17
410,Олимпиада Матвеевна Кошелева,ivanovazoja@example.net,86465280924,2024-09-12
411,Тетерина Лукия Рубеновна,annafilippova@example.net,8 (624) 150-2745,2026-04-23
412,Каллистрат Евсеевич Михеев,polikarp_25@example.net,8 (287) 032-03-20,2025-05-04
413,Руслан Феодосьевич Андреев,andron2000@example.com,8 (777) 121-5134,2024-09-21
414,Раиса Ивановна Воронцова,fortunatlitkin@example.org,8 (926) 137-1504,2025-10-15
415,Варвара Никифоровна Давыдова,djachkovljubomir@example.org,+7 177 749 0509,2025-04-20
416,Филарет Васильевич Соболев,braginaija@example.com,+7 189 616 4236,2024-07-12
417,Никитин Гремислав Терентьевич,permakov@example.net,+7 (147) 649-25-15,2025-06-06
418,Третьяков Никанор Харламович,feoktist96@example.org,8 592 661 08 57,2025-10-11
419,Зимин Герман Эдгарович,agafja_2014@example.net,+7 476 174 22 43,2025-06-14
420,Филарет Анисимович Жданов,fomichevanikita@example.net,+7 866 179 45 49,2024-07-06
421,Акулина Вадимовна Гришина,denis2023@example.org,8 016 459 77 94,2025-01-24
422,Евгения Даниловна Герасимова,dementevernest@example.com,+7 680 061 02 77,2025-10-23
423,Эраст Чеславович Антонов,zoja_64@example.org,+7 (203) 103-03-72,2025-09-20
424,Одинцов Ярослав Геннадиевич,antonovrostislav@example.org,8 (601) 227-77-07,2025-08-01
425,Анисимов Филарет Тимурович,mironovaagafja@example.org,8 679 984 07 67,2025-06-06
426,Костина Пелагея Евгеньевна,lobanovaakulina@example.com,85814671795,2025-04-17
427,Лебедева Галина Ильинична,rjurikkonovalov@example.com,+7 (839) 597-2466,2026-02-10
428,Майя Руслановна Лаврентьева,julijanikitina@example.com,+7 722 329 71 67,2024-12-25
429,Наумов Анисим Аверьянович,kazimir_52@example.org,8 (015) 619-3183,2025-05-16
430,Матвей Ильич Комиссаров,mamontovatamara@example.com,+7 (891) 077-11-99,2026-01-01
431,Валентина Федоровна Волкова,vasili_1981@example.net,+7 352 478 71 25,2025-01-18
432,Варвара Геннадьевна Быкова,xshilova@example.org,+7 (754) 821-4565,2025-09-04
433,Алексеева Светлана Николаевна,vseslavbragin@example.com,8 678 507 20 81,2024-07-08
434,Олег Владленович Кудряшов,karpovaaleksandra@example.net,+7 (908) 466-84-55,2024-05-10
435,Светлана Юрьевна Русакова,militsatretjakova@example.net,+7 (899) 756-3410,2025-06-25
436,Владлен Еремеевич Соболев,panfilovustin@example.com,8 (520) 089-4346,2025-05-31
437,Семенов Мокей Дорофеевич,mina_1978@example.org,+7 749 075 39 98,2026-02-18
438,Шестакова Клавдия Ильинична,marinagalkina@example.net,+7 (158) 935-7126,2026-02-06
439,Вадим Ануфриевич Родионов,olimpiadasoboleva@example.com,+7 586 988 64 97,2025-09-10
440,Потап Эдгардович Гурьев,kagafonova@example.org,8 (277) 288-1377,2024-05-29
441,Тамара Максимовна Русакова,eliseevosip@example.org,+7 594 082 15 45,2024-12-25
442,Алексей Викторович Баранов,tbelov@example.com,+7 (270) 185-1067,2025-07-23
443,Радислав Игоревич Шаров,useliverstov@example.net,+7 (287) 772-51-99,2025-03-18
444,Николай Игоревич Потапов,kondratevaninel@example.net,+71209481813,2025-08-27
445,Симонова Алла Феликсовна,evgeni_2021@example.com,8 (018) 204-3397,2024-07-08
446,Элеонора Леонидовна Власова,emeljanovaakulina@example.com,8 260 856 41 11,2025-06-28
447,Баранов Добромысл Дмитриевич,stepanovleon@example.com,+7 (095) 200-46-15,2024-08-22
448,Любомир Дорофеевич Мельников,zatsevegor@example.org,89378861405,2025-04-30
449,Голубева Ольга Алексеевна,okalinina@example.org,+78913824967,2024-07-08
450,Прасковья Григорьевна Шарова,margaritapotapova@example.org,+7 (868) 700-7942,2024-05-04
451,Русаков Светозар Егорович,ekaterina65@example.net,+7 (984) 028-9141,2025-03-07
452,Никонова Вера Федоровна,pimen39@example.net,8 547 435 5379,2025-01-14
453,Шубин Всеволод Ааронович,averki1970@example.net,+7 (687) 681-18-07,2025-10-08
454,Лыткин Назар Ильясович,xkazakov@example.net,+7 175 370 3045,2024-09-29
455,Горбачев Ярослав Ефимьевич,igorgorshkov@example.com,+7 479 303 6149,2025-05-27
456,г-н Прохоров Феофан Всеволодович,safonovvladimir@example.net,+7 249 384 30 89,2024-11-16
457,Доронина Оксана Александровна,rtimofeeva@example.net,+7 566 418 7758,2025-12-14
458,Молчанов Захар Анисимович,pantelemon87@example.com,+7 635 190 3613,2024-10-03
459,Никифоров Арсений Богданович,arhipovanina@example.org,85431735058,2026-01-10
460,Богданов Эмиль Феоктистович,isaevprokofi@example.net,+7 100 651 20 70,2024-12-24
461,Горбунова Ангелина Борисовна,shilovaalla@example.com,8 619 639 90 76,2025-04-29
462,Юлия Яковлевна Комарова,antonina_07@example.net,8 931 109 1939,2024-08-09
463,Сидорова Людмила Николаевна,marfa2012@example.com,+7 (320) 024-96-85,2024-12-31
464,Потапова Вероника Вениаминовна,leonid2011@example.com,+75089203880,2025-03-27
465,Евстигней Германович Устинов,aleksandrovevgeni@example.net,8 (795) 995-94-65,2024-09-07
466,Шашков Андроник Эдгарович,avdekabanov@example.org,+7 (793) 375-6362,2026-02-04
467,Майя Андреевна Богданова,amvrosi_81@example.org,+77395003342,2024-10-21
468,Дарья Львовна Сазонова,innokenti_1982@example.org,+7 241 026 1534,2025-04-23
469,Корнилов Мокей Власович,jaropolk_1999@example.net,+7 122 338 65 59,2025-04-02
470,Зинаида Аскольдовна Фадеева,terentianisimov@example.org,8 304 289 7317,2026-01-08
471,Голубева Глафира Степановна,pnazarova@example.net,8 787 255 8777,2024-11-28
472,Кабанова Фаина Антоновна,efimsamsonov@example.org,8 (363) 466-92-54,2025-07-05
473,Ситников Борислав Ерофеевич,spartak1993@example.org,80789567766,2025-02-13
474,Лариса Ивановна Щербакова,borisovaninel@example.org,+71514888143,2024-07-19
475,Денисов Андрей Германович,evse_54@example.com,+73928404456,2025-03-15
476,Агафья Руслановна Лапина,sinklitikija_1980@example.com,+7 (337) 389-8775,2026-01-09
477,Сазонов Евгений Федотович,cgavrilov@example.com,8 (052) 924-0755,2024-10-26
478,Олимпий Ефимович Большаков,ermakovaaleksandra@example.org,+7 (599) 996-63-61,2025-06-23
479,Савелий Борисович Суханов,alla1990@example.org,+7 (182) 097-02-31,2026-04-11
480,Ия Григорьевна Жукова,vasilisa81@example.com,+7 580 256 6212,2025-06-24
481,Архип Терентьевич Пестов,vladislavbespalov@example.org,+76729949387,2024-12-03
482,Баранов Прокофий Арсенович,zzhukova@example.org,8 (597) 779-0147,2025-01-28
483,Кулакова Клавдия Никифоровна,nainakrilova@example.org,86762916032,2024-12-02
484,Синклитикия Кирилловна Харитонова,ignatoverofe@example.com,8 815 118 56 72,2024-11-16
485,Соловьев Роман Адрианович,kabanovroman@example.com,8 636 004 1257,2025-05-15
486,Борис Демьянович Кулаков,visheslav2002@example.com,+7 (209) 124-18-62,2024-07-03
487,Кузнецова Ираида Владиславовна,miron1982@example.org,+7 837 081 6470,2025-08-11
488,Мамонтов Наркис Германович,mstislavburov@example.org,+7 (106) 005-3131,2026-01-12
489,Глафира Викторовна Соловьева,gvasileva@example.com,8 839 386 6133,2024-07-25
490,Дементий Авдеевич Власов,agap_63@example.com,+7 (149) 501-3649,2025-05-27
491,Валентина Тарасовна Вишнякова,zojakondrateva@example.org,85625257150,2025-08-19
492,Нонна Мироновна Панфилова,silasafonov@example.net,+7 309 143 6391,2024-06-19
493,Чернов Лавр Германович,marinaershova@example.net,+7 397 524 5086,2025-09-19
494,Алевтина Евгеньевна Сазонова,mefodi_33@example.net,+7 339 685 2701,2026-03-10
495,г-н Зайцев Вячеслав Гертрудович,annazaharova@example.net,8 (338) 167-4233,2025-03-29
496,Крылов Лазарь Ермилович,aleksandra1983@example.com,8 (156) 627-76-89,2025-11-25
497,Герман Харлампьевич Лебедев,fkrasilnikov@example.com,88282467474,2025-02-19
498,Трофимова Анжела Леоновна,olimpiadalazareva@example.org,+7 (008) 576-6656,2025-05-19
499,Харитон Артёмович Исаков,rusakovavarvara@example.com,82364587506,2026-04-23
500,Иосиф Демьянович Архипов,rusakovamaja@example.net,+7 249 724 3992,2024-05-13
