session_id,workout_id,trainer_id,session_name,duration_sec,video_link
1,5,28,Урок 1,1953,http://video.host/v/1
2,10,17,Урок 2,1574,http://video.host/v/2
3,36,22,Урок 3,2588,http://video.host/v/3
4,28,18,Урок 4,1141,http://video.host/v/4
5,93,30,Урок 5,2938,http://video.host/v/5
6,74,16,Урок 6,1595,http://video.host/v/6
7,61,26,Урок 7,2267,http://video.host/v/7
8,25,4,Урок 8,997,http://video.host/v/8
9,85,14,Урок 9,2051,http://video.host/v/9
10,55,14,Урок 10,2512,http://video.host/v/10
11,94,2,Урок 11,3358,http://video.host/v/11
12,84,21,Урок 12,1003,http://video.host/v/12
13,8,13,Урок 13,3582,http://video.host/v/13
14,44,26,Урок 14,1047,http://video.host/v/14
15,32,7,Урок 15,1379,http://video.host/v/15
16,69,15,Урок 16,1174,http://video.host/v/16
17,55,6,Урок 17,1740,http://video.host/v/17
18,60,8,Урок 18,908,http://video.host/v/18
19,57,26,Урок 19,2854,http://video.host/v/19
20,13,2,Урок 20,3271,http://video.host/v/20
21,70,27,Урок 21,660,http://video.host/v/21
22,12,30,Урок 22,1568,http://video.host/v/22
23,22,14,Урок 23,2589,http://video.host/v/23
24,62,7,Урок 24,2242,http://video.host/v/24
25,8,6,Урок 25,2152,http://video.host/v/25
26,1,13,Урок 26,1686,http://video.host/v/26
27,59,10,Урок 27,2332,http://video.host/v/27
28,90,24,Урок 28,2876,http://video.host/v/28
29,85,23,Урок 29,2593,http://video.host/v/29
30,20,7,Урок 30,1815,http://video.host/v/30
31,28,2,Урок 31,2972,http://video.host/v/31
32,95,18,Урок 32,849,http://video.host/v/32
33,96,11,Урок 33,834,http://video.host/v/33
34,7,19,Урок 34,2552,http://video.host/v/34
35,65,30,Урок 35,2775,http://video.host/v/35
36,21,2,Урок 36,2680,http://video.host/v/36
37,11,28,Урок 37,1361,http://video.host/v/37
38,9,20,Урок 38,878,http://video.host/v/38
39,87,28,Урок 39,1563,http://video.host/v/39
40,52,4,Урок 40,2933,http://video.host/v/40
41,32,19,Урок 41,3035,http://video.host/v/41
42,6,20,Урок 42,935,http://video.host/v/42
43,54,22,Урок 43,2990,http://video.host/v/43
44,73,17,Урок 44,1895,http://video.host/v/44
45,34,7,Урок 45,3343,http://video.host/v/45
46,92,11,Урок 46,1577,http://video.host/v/46
47,34,13,Урок 47,1136,http://video.host/v/47
48,86,21,Урок 48,1828,http://video.host/v/48
49,59,11,Урок 49,897,http://video.host/v/49
50,2,15,Урок 50,3144,http://video.host/v/50
51,73,4,Урок 51,900,http://video.host/v/51
52,69,7,Урок 52,2672,http://video.host/v/52
53,34,5,Урок 53,2029,http://video.host/v/53
54,9,29,Урок 54,1600,http://video.host/v/54
55,48,10,Урок 55,1246,http://video.host/v/55
56,57,27,Урок 56,2825,http://video.host/v/56
57,91,10,Урок 57,3105,http://video.host/v/57
58,84,17,Урок 58,632,http://video.host/v/58
59,86,27,Урок 59,2871,http://video.host/v/59
60,39,30,Урок 60,3317,http://video.host/v/60
61,14,29,Урок 61,1150,http://video.host/v/61
62,34,4,Урок 62,1038,http://video.host/v/62
63,96,18,Урок 63,1236,http://video.host/v/63
64,35,10,Урок 64,3077,http://video.host/v/64
65,27,23,Урок 65,2004,http://video.host/v/65
66,27,22,Урок 66,3197,http://video.host/v/66
67,34,17,Урок 67,2601,http://video.host/v/67
68,33,29,Урок 68,808,http://video.host/v/68
69,12,21,Урок 69,2334,http://video.host/v/69
70,36,2,Урок 70,614,http://video.host/v/70
71,43,25,Урок 71,1135,http://video.host/v/71
72,82,9,Урок 72,1261,http://video.host/v/72
73,95,15,Урок 73,2859,http://video.host/v/73
74,91,14,Урок 74,2897,http://video.host/v/74
75,2,4,Урок 75,908,http://video.host/v/75
76,89,29,Урок 76,1210,http://video.host/v/76
77,70,2,Урок 77,2112,http://video.host/v/77
78,75,18,Урок 78,1206,http://video.host/v/78
79,56,5,Урок 79,771,http://video.host/v/79
80,40,12,Урок 80,763,http://video.host/v/80
81,46,7,Урок 81,3393,http://video.host/v/81
82,32,22,Урок 82,1021,http://video.host/v/82
83,46,25,Урок 83,2893,http://video.host/v/83
84,53,20,Урок 84,1233,http://video.host/v/84
85,31,28,Урок 85,1265,http://video.host/v/85
86,23,29,Урок 86,2288,http://video.host/v/86
87,4,6,Урок 87,1960,http://video.host/v/87
88,53,26,Урок 88,3343,http://video.host/v/88
89,95,26,Урок 89,1616,http://video.host/v/89
90,35,6,Урок 90,3472,http://video.host/v/90
91,14,13,Урок 91,758,http://video.host/v/91
92,61,8,Урок 92,1417,http://video.host/v/92
93,59,12,Урок 93,1850,http://video.host/v/93
94,30,8,Урок 94,696,http://video.host/v/94
95,85,7,Урок 95,2232,http://video.host/v/95
96,43,9,Урок 96,884,http://video.host/v/96
97,99,9,Урок 97,2038,http://video.host/v/97
98,83,17,Урок 98,2237,http://video.host/v/98
99,87,27,Урок 99,2796,http://video.host/v/99
100,43,1,Урок 100,1072,http://video.host/v/100
101,34,6,Урок 101,2978,http://video.host/v/101
102,34,2,Урок 102,1044,http://video.host/v/102
103,77,14,Урок 103,2015,http://video.host/v/103
104,94,26,Урок 104,1884,http://video.host/v/104
105,56,20,Урок 105,2694,http://video.host/v/105
106,15,13,Урок 106,2961,http://video.host/v/106
107,25,9,Урок 107,781,http://video.host/v/107
108,91,14,Урок 108,606,http://video.host/v/108
109,67,30,Урок 109,2805,http://video.host/v/109
110,88,24,Урок 110,3346,http://video.host/v/110
111,26,12,Урок 111,2366,http://video.host/v/111
112,9,22,Урок 112,1952,http://video.host/v/112
113,80,11,Урок 113,3317,http://video.host/v/113
114,16,24,Урок 114,1830,http://video.host/v/114
115,65,10,Урок 115,3331,http://video.host/v/115
116,53,11,Урок 116,2248,http://video.host/v/116
117,90,10,Урок 117,2870,http://video.host/v/117
118,17,7,Урок 118,2322,http://video.host/v/118
119,86,13,Урок 119,3374,http://video.host/v/119
120,96,29,Урок 120,1312,http://video.host/v/120
121,79,19,Урок 121,1832,http://video.host/v/121
122,52,18,Урок 122,601,http://video.host/v/122
123,39,10,Урок 123,1460,http://video.host/v/123
124,56,26,Урок 124,2975,http://video.host/v/124
125,78,21,Урок 125,1919,http://video.host/v/125
126,60,15,Урок 126,2411,http://video.host/v/126
127,87,7,Урок 127,2693,http://video.host/v/127
128,61,26,Урок 128,1295,http://video.host/v/128
129,85,3,Урок 129,1762,http://video.host/v/129
130,66,22,Урок 130,3192,http://video.host/v/130
131,80,11,Урок 131,982,http://video.host/v/131
132,97,8,Урок 132,3355,http://video.host/v/132
133,40,8,Урок 133,1415,http://video.host/v/133
134,19,1,Урок 134,789,http://video.host/v/134
135,32,16,Урок 135,3103,http://video.host/v/135
136,99,3,Урок 136,2465,http://video.host/v/136
137,54,29,Урок 137,3179,http://video.host/v/137
138,74,7,Урок 138,3542,http://video.host/v/138
139,90,13,Урок 139,2624,http://video.host/v/139
140,52,8,Урок 140,1204,http://video.host/v/140
141,84,23,Урок 141,622,http://video.host/v/141
142,97,28,Урок 142,1036,http://video.host/v/142
143,100,14,Урок 143,1496,http://video.host/v/143
144,23,26,Урок 144,3450,http://video.host/v/144
145,67,15,Урок 145,805,http://video.host/v/145
146,72,8,Урок 146,1097,http://video.host/v/146
147,59,5,Урок 147,2503,http://video.host/v/147
148,86,17,Урок 148,2889,http://video.host/v/148
149,77,11,Урок 149,2412,http://video.host/v/149
150,79,27,Урок 150,3546,http://video.host/v/150
151,65,14,Урок 151,2844,http://video.host/v/151
152,58,29,Урок 152,1251,http://video.host/v/152
153,96,28,Урок 153,2544,http://video.host/v/153
154,58,9,Урок 154,1612,http://video.host/v/154
155,82,9,Урок 155,2735,http://video.host/v/155
156,63,21,Урок 156,1579,http://video.host/v/156
157,36,15,Урок 157,917,http://video.host/v/157
158,92,10,Урок 158,1560,http://video.host/v/158
159,35,11,Урок 159,1909,http://video.host/v/159
160,70,3,Урок 160,1166,http://video.host/v/160
161,20,8,Урок 161,2168,http://video.host/v/161
162,89,5,Урок 162,3493,http://video.host/v/162
163,28,3,Урок 163,2299,http://video.host/v/163
164,53,11,Урок 164,2822,http://video.host/v/164
165,60,14,Урок 165,855,http://video.host/v/165
166,27,27,Урок 166,2320,http://video.host/v/166
167,50,29,Урок 167,2992,http://video.host/v/167
168,90,1,Урок 168,2958,http://video.host/v/168
169,49,16,Урок 169,624,http://video.host/v/169
170,46,10,Урок 170,2197,http://video.host/v/170
171,54,18,Урок 171,2836,http://video.host/v/171
172,78,29,Урок 172,1503,http://video.host/v/172
173,63,8,Урок 173,1717,http://video.host/v/173
174,56,16,Урок 174,718,http://video.host/v/174
175,50,11,Урок 175,3339,http://video.host/v/175
176,87,26,Урок 176,2256,http://video.host/v/176
177,93,6,Урок 177,2514,http://video.host/v/177
178,17,20,Урок 178,2787,http://video.host/v/178
179,4,30,Урок 179,2213,http://video.host/v/179
180,76,19,Урок 180,3315,http://video.host/v/180
181,4,3,Урок 181,3232,http://video.host/v/181
182,55,5,Урок 182,2491,http://video.host/v/182
183,24,2,Урок 183,1665,http://video.host/v/183
184,49,11,Урок 184,1466,http://video.host/v/184
185,59,11,Урок 185,1982,http://video.host/v/185
186,98,29,Урок 186,2152,http://video.host/v/186
187,36,25,Урок 187,2326,http://video.host/v/187
188,33,27,Урок 188,935,http://video.host/v/188
189,61,1,Урок 189,2809,http://video.host/v/189
190,7,12,Урок 190,1518,http://video.host/v/190
191,84,3,Урок 191,3269,http://video.host/v/191
192,6,25,Урок 192,727,http://video.host/v/192
193,32,7,Урок 193,683,http://video.host/v/193
194,80,5,Урок 194,1577,http://video.host/v/194
195,17,16,Урок 195,3342,http://video.host/v/195
196,15,19,Урок 196,1492,http://video.host/v/196
197,60,23,Урок 197,1649,http://video.host/v/197
198,99,12,Урок 198,1287,http://video.host/v/198
199,78,20,Урок 199,3542,http://video.host/v/199
200,15,25,Урок 200,1270,http://video.host/v/200
201,40,4,Урок 201,2970,http://video.host/v/201
202,4,30,Урок 202,1877,http://video.host/v/202
203,74,22,Урок 203,2137,http://video.host/v/203
204,51,23,Урок 204,1412,http://video.host/v/204
205,10,19,Урок 205,3428,http://video.host/v/205
206,81,8,Урок 206,1017,http://video.host/v/206
207,90,25,Урок 207,1835,http://video.host/v/207
208,88,20,Урок 208,1095,http://video.host/v/208
209,73,26,Урок 209,768,http://video.host/v/209
210,45,18,Урок 210,2354,http://video.host/v/210
211,85,12,Урок 211,882,http://video.host/v/211
212,65,21,Урок 212,1997,http://video.host/v/212
213,2,28,Урок 213,2320,http://video.host/v/213
214,63,4,Урок 214,2375,http://video.host/v/214
215,47,21,Урок 215,2483,http://video.host/v/215
216,91,5,Урок 216,2383,http://video.host/v/216
217,23,24,Урок 217,2737,http://video.host/v/217
218,84,9,Урок 218,3122,http://video.host/v/218
219,69,25,Урок 219,2580,http://video.host/v/219
220,60,14,Урок 220,3594,http://video.host/v/220
221,76,9,Урок 221,1920,http://video.host/v/221
222,32,27,Урок 222,954,http://video.host/v/222
223,36,29,Урок 223,2446,http://video.host/v/223
224,32,25,Урок 224,2503,http://video.host/v/224
225,73,20,Урок 225,3336,http://video.host/v/225
226,49,11,Урок 226,717,http://video.host/v/226
227,64,28,Урок 227,1931,http://video.host/v/227
228,24,16,Урок 228,1468,http://video.host/v/228
229,46,26,Урок 229,1658,http://video.host/v/229
230,44,9,Урок 230,3041,http://video.host/v/230
231,90,29,Урок 231,1731,http://video.host/v/231
232,72,1,Урок 232,2716,http://video.host/v/232
233,25,3,Урок 233,1588,http://video.host/v/233
234,93,14,Урок 234,2601,http://video.host/v/234
235,72,25,Урок 235,1584,http://video.host/v/235
236,89,16,Урок 236,3245,http://video.host/v/236
237,92,16,Урок 237,2435,http://video.host/v/237
238,3,3,Урок 238,1805,http://video.host/v/238
239,29,13,Урок 239,3433,http://video.host/v/239
240,32,10,Урок 240,3319,http://video.host/v/240
241,75,12,Урок 241,2538,http://video.host/v/241
242,71,17,Урок 242,2008,http://video.host/v/242
243,55,24,Урок 243,2854,http://video.host/v/243
244,43,12,Урок 244,3478,http://video.host/v/244
245,59,9,Урок 245,1855,http://video.host/v/245
246,33,8,Урок 246,1094,http://video.host/v/246
247,93,7,Урок 247,1892,http://video.host/v/247
248,16,24,Урок 248,2794,http://video.host/v/248
249,98,23,Урок 249,1358,http://video.host/v/249
250,25,7,Урок 250,2583,http://video.host/v/250
251,36,24,Урок 251,3014,http://video.host/v/251
252,98,17,Урок 252,3044,http://video.host/v/252
253,37,4,Урок 253,1395,http://video.host/v/253
254,38,8,Урок 254,2078,http://video.host/v/254
255,23,10,Урок 255,657,http://video.host/v/255
256,91,18,Урок 256,1118,http://video.host/v/256
257,36,2,Урок 257,823,http://video.host/v/257
258,71,10,Урок 258,3456,http://video.host/v/258
259,17,21,Урок 259,2610,http://video.host/v/259
260,14,28,Урок 260,650,http://video.host/v/260
261,74,10,Урок 261,2522,http://video.host/v/261
262,62,15,Урок 262,1995,http://video.host/v/262
263,24,2,Урок 263,1634,http://video.host/v/263
264,62,4,Урок 264,867,http://video.host/v/264
265,52,16,Урок 265,903,http://video.host/v/265
266,74,21,Урок 266,3411,http://video.host/v/266
267,7,5,Урок 267,1211,http://video.host/v/267
268,73,10,Урок 268,948,http://video.host/v/268
269,32,4,Урок 269,2885,http://video.host/v/269
270,98,14,Урок 270,3083,http://video.host/v/270
271,77,26,Урок 271,3133,http://video.host/v/271
272,29,25,Урок 272,2740,http://video.host/v/272
273,49,15,Урок 273,2413,http://video.host/v/273
274,39,28,Урок 274,3010,http://video.host/v/274
275,55,10,Урок 275,2929,http://video.host/v/275
276,80,2,Урок 276,3097,http://video.host/v/276
277,95,4,Урок 277,1451,http://video.host/v/277
278,81,7,Урок 278,1683,http://video.host/v/278
279,85,3,Урок 279,1243,http://video.host/v/279
280,31,6,Урок 280,2860,http://video.host/v/280
281,10,6,Урок 281,610,http://video.host/v/281
282,53,15,Урок 282,3423,http://video.host/v/282
283,77,16,Урок 283,1792,http://video.host/v/283
284,5,8,Урок 284,1780,http://video.host/v/284
285,91,10,Урок 285,3479,http://video.host/v/285
286,59,3,Урок 286,3415,http://video.host/v/286
287,30,30,Урок 287,1683,http://video.host/v/287
288,81,19,Урок 288,3308,http://video.host/v/288
289,26,14,Урок 289,1070,http://video.host/v/289
290,70,8,Урок 290,3252,http://video.host/v/290
291,20,30,Урок 291,1688,http://video.host/v/291
292,19,3,Урок 292,844,http://video.host/v/292
293,22,26,Урок 293,1859,http://video.host/v/293
294,77,24,Урок 294,2931,http://video.host/v/294
295,37,15,Урок 295,1109,http://video.host/v/295
296,60,23,Урок 296,1845,http://video.host/v/296
297,90,13,Урок 297,1715,http://video.host/v/297
298,65,18,Урок 298,2622,http://video.host/v/298
299,57,3,Урок 299,3049,http://video.host/v/299
300,6,29,Урок 300,2369,http://video.host/v/300
301,95,11,Урок 301,3072,http://video.host/v/301
302,33,1,Урок 302,974,http://video.host/v/302
303,30,22,Урок 303,2956,http://video.host/v/303
304,76,1,Урок 304,3353,http://video.host/v/304
305,35,19,Урок 305,764,http://video.host/v/305
306,98,25,Урок 306,1317,http://video.host/v/306
307,61,17,Урок 307,3268,http://video.host/v/307
308,57,30,Урок 308,1739,http://video.host/v/308
309,24,19,Урок 309,2385,http://video.host/v/309
310,82,27,Урок 310,2614,http://video.host/v/310
311,12,16,Урок 311,2025,http://video.host/v/311
312,53,11,Урок 312,1915,http://video.host/v/312
313,86,4,Урок 313,1258,http://video.host/v/313
314,43,14,Урок 314,3441,http://video.host/v/314
315,64,10,Урок 315,3313,http://video.host/v/315
316,52,27,Урок 316,2853,http://video.host/v/316
317,5,15,Урок 317,960,http://video.host/v/317
318,41,9,Урок 318,1924,http://video.host/v/318
319,15,25,Урок 319,2255,http://video.host/v/319
320,66,27,Урок 320,604,http://video.host/v/320
321,85,28,Урок 321,2822,http://video.host/v/321
322,60,14,Урок 322,822,http://video.host/v/322
323,25,17,Урок 323,2081,http://video.host/v/323
324,80,25,Урок 324,2641,http://video.host/v/324
325,81,15,Урок 325,811,http://video.host/v/325
326,27,9,Урок 326,2849,http://video.host/v/326
327,17,30,Урок 327,1779,http://video.host/v/327
328,57,29,Урок 328,3460,http://video.host/v/328
329,63,4,Урок 329,718,http://video.host/v/329
330,81,20,Урок 330,1580,http://video.host/v/330
331,91,6,Урок 331,1872,http://video.host/v/331
332,71,1,Урок 332,2862,http://video.host/v/332
333,53,3,Урок 333,1520,http://video.host/v/333
334,15,15,Урок 334,1081,http://video.host/v/334
335,83,27,Урок 335,1230,http://video.host/v/335
336,64,30,Урок 336,3535,http://video.host/v/336
337,38,17,Урок 337,3489,http://video.host/v/337
338,35,14,Урок 338,2576,http://video.host/v/338
339,61,8,Урок 339,2470,http://video.host/v/339
340,71,5,Урок 340,2171,http://video.host/v/340
341,25,30,Урок 341,3055,http://video.host/v/341
342,66,24,Урок 342,1159,http://video.host/v/342
343,9,9,Урок 343,2299,http://video.host/v/343
344,44,30,Урок 344,2679,http://video.host/v/344
345,35,27,Урок 345,610,http://video.host/v/345
346,37,24,Урок 346,1822,http://video.host/v/346
347,76,19,Урок 347,3303,http://video.host/v/347
348,63,28,Урок 348,1208,http://video.host/v/348
349,58,18,Урок 349,2583,http://video.host/v/349
350,45,11,Урок 350,2860,http://video.host/v/350
351,98,18,Урок 351,2145,http://video.host/v/351
352,59,30,Урок 352,1918,http://video.host/v/352
353,25,23,Урок 353,1578,http://video.host/v/353
354,74,13,Урок 354,1556,http://video.host/v/354
355,100,14,Урок 355,778,http://video.host/v/355
356,41,24,Урок 356,2537,http://video.host/v/356
357,91,30,Урок 357,2161,http://video.host/v/357
358,50,22,Урок 358,3270,http://video.host/v/358
359,20,16,Урок 359,751,http://video.host/v/359
360,17,17,Урок 360,3017,http://video.host/v/360
361,43,28,Урок 361,1011,http://video.host/v/361
362,57,4,Урок 362,2754,http://video.host/v/362
363,59,1,Урок 363,3559,http://video.host/v/363
364,19,14,Урок 364,3281,http://video.host/v/364
365,20,3,Урок 365,2523,http://video.host/v/365
366,34,11,Урок 366,3152,http://video.host/v/366
367,89,13,Урок 367,3261,http://video.host/v/367
368,11,28,Урок 368,1945,http://video.host/v/368
369,87,28,Урок 369,2785,http://video.host/v/369
370,49,11,Урок 370,3167,http://video.host/v/370
371,92,29,Урок 371,2598,http://video.host/v/371
372,70,2,Урок 372,3129,http://video.host/v/372
373,9,8,Урок 373,3185,http://video.host/v/373
374,88,30,Урок 374,1777,http://video.host/v/374
375,30,24,Урок 375,970,http://video.host/v/375
376,56,4,Урок 376,3195,http://video.host/v/376
377,91,28,Урок 377,1011,http://video.host/v/377
378,57,6,Урок 378,3442,http://video.host/v/378
379,39,29,Урок 379,718,http://video.host/v/379
380,6,11,Урок 380,829,http://video.host/v/380
381,38,12,Урок 381,2135,http://video.host/v/381
382,56,5,Урок 382,1600,http://video.host/v/382
383,68,14,Урок 383,2918,http://video.host/v/383
384,88,26,Урок 384,1337,http://video.host/v/384
385,22,6,Урок 385,923,http://video.host/v/385
386,79,28,Урок 386,2166,http://video.host/v/386
387,80,22,Урок 387,1586,http://video.host/v/387
388,64,30,Урок 388,2988,http://video.host/v/388
389,19,8,Урок 389,2488,http://video.host/v/389
390,82,9,Урок 390,2482,http://video.host/v/390
391,33,22,Урок 391,638,http://video.host/v/391
392,60,29,Урок 392,1778,http://video.host/v/392
393,87,18,Урок 393,1247,http://video.host/v/393
394,10,15,Урок 394,2015,http://video.host/v/394
395,76,10,Урок 395,3217,http://video.host/v/395
396,55,23,Урок 396,1624,http://video.host/v/396
397,59,28,Урок 397,1837,http://video.host/v/397
398,26,13,Урок 398,2579,http://video.host/v/398
399,14,8,Урок 399,2162,http://video.host/v/399
400,74,12,Урок 400,2954,http://video.host/v/400
401,38,23,Урок 401,1809,http://video.host/v/401
402,3,27,Урок 402,3296,http://video.host/v/402
403,51,9,Урок 403,633,http://video.host/v/403
404,73,28,Урок 404,3409,http://video.host/v/404
405,100,24,Урок 405,800,http://video.host/v/405
406,78,24,Урок 406,2634,http://video.host/v/406
407,37,25,Урок 407,1542,http://video.host/v/407
408,78,26,Урок 408,2043,http://video.host/v/408
409,29,21,Урок 409,1378,http://video.host/v/409
410,80,9,Урок 410,3376,http://video.host/v/410
411,97,24,Урок 411,3300,http://video.host/v/411
412,88,27,Урок 412,1160,http://video.host/v/412
413,81,4,Урок 413,3170,http://video.host/v/413
414,83,2,Урок 414,1865,http://video.host/v/414
415,57,2,Урок 415,2973,http://video.host/v/415
416,47,24,Урок 416,1138,http://video.host/v/416
417,12,30,Урок 417,1808,http://video.host/v/417
418,42,24,Урок 418,2301,http://video.host/v/418
419,23,7,Урок 419,1141,http://video.host/v/419
420,70,29,Урок 420,2098,http://video.host/v/420
421,68,17,Урок 421,1716,http://video.host/v/421
422,22,9,Урок 422,2573,http://video.host/v/422
423,38,24,Урок 423,1987,http://video.host/v/423
424,15,15,Урок 424,908,http://video.host/v/424
425,19,25,Урок 425,1524,http://video.host/v/425
426,87,24,Урок 426,3362,http://video.host/v/426
427,51,28,Урок 427,2882,http://video.host/v/427
428,47,3,Урок 428,2216,http://video.host/v/428
429,2,9,Урок 429,2797,http://video.host/v/429
430,16,15,Урок 430,2109,http://video.host/v/430
431,87,24,Урок 431,3353,http://video.host/v/431
432,34,19,Урок 432,2160,http://video.host/v/432
433,82,12,Урок 433,1043,http://video.host/v/433
434,87,8,Урок 434,2531,http://video.host/v/434
435,4,20,Урок 435,2899,http://video.host/v/435
436,42,30,Урок 436,3098,http://video.host/v/436
437,29,21,Урок 437,858,http://video.host/v/437
438,82,27,Урок 438,2501,http://video.host/v/438
439,90,10,Урок 439,3259,http://video.host/v/439
440,53,4,Урок 440,1172,http://video.host/v/440
441,6,2,Урок 441,1846,http://video.host/v/441
442,64,4,Урок 442,998,http://video.host/v/442
443,31,29,Урок 443,2801,http://video.host/v/443
444,18,13,Урок 444,2458,http://video.host/v/444
445,48,22,Урок 445,3452,http://video.host/v/445
446,70,14,Урок 446,3005,http://video.host/v/446
447,96,24,Урок 447,1232,http://video.host/v/447
448,54,21,Урок 448,1005,http://video.host/v/448
449,63,20,Урок 449,2271,http://video.host/v/449
450,36,2,Урок 450,3427,http://video.host/v/450
451,48,7,Урок 451,2416,http://video.host/v/451
452,57,8,Урок 452,2085,http://video.host/v/452
453,13,22,Урок 453,2104,http://video.host/v/453
454,70,29,Урок 454,3241,http://video.host/v/454
455,46,2,Урок 455,2230,http://video.host/v/455
456,36,7,Урок 456,1100,http://video.host/v/456
457,59,3,Урок 457,3314,http://video.host/v/457
458,28,21,Урок 458,3219,http://video.host/v/458
459,77,1,Урок 459,807,http://video.host/v/459
460,43,8,Урок 460,1115,http://video.host/v/460
461,73,7,Урок 461,881,http://video.host/v/461
462,98,18,Урок 462,1448,http://video.host/v/462
463,76,7,Урок 463,1554,http://video.host/v/463
464,43,25,Урок 464,1204,http://video.host/v/464
465,77,1,Урок 465,1735,http://video.host/v/465
466,19,5,Урок 466,2812,http://video.host/v/466
467,33,26,Урок 467,1314,http://video.host/v/467
468,15,22,Урок 468,705,http://video.host/v/468
469,17,1,Урок 469,2067,http://video.host/v/469
470,31,19,Урок 470,1926,http://video.host/v/470
471,3,6,Урок 471,1686,http://video.host/v/471
472,7,5,Урок 472,2324,http://video.host/v/472
473,68,4,Урок 473,860,http://video.host/v/473
474,61,15,Урок 474,2082,http://video.host/v/474
475,66,19,Урок 475,1046,http://video.host/v/475
476,58,17,Урок 476,1507,http://video.host/v/476
477,79,2,Урок 477,3578,http://video.host/v/477
478,85,17,Урок 478,1835,http://video.host/v/478
479,59,21,Урок 479,727,http://video.host/v/479
480,8,16,Урок 480,2245,http://video.host/v/480
481,55,22,Урок 481,1042,http://video.host/v/481
482,63,23,Урок 482,2416,http://video.host/v/482
483,10,29,Урок 483,930,http://video.host/v/483
484,42,20,Урок 484,1207,http://video.host/v/484
485,9,5,Урок 485,1726,http://video.host/v/485
486,80,21,Урок 486,2997,http://video.host/v/486
487,71,23,Урок 487,1931,http://video.host/v/487
488,49,20,Урок 488,2773,http://video.host/v/488
489,38,15,Урок 489,2670,http://video.host/v/489
490,78,14,Урок 490,1006,http://video.host/v/490
491,90,4,Урок 491,3281,http://video.host/v/491
492,84,29,Урок 492,2858,http://video.host/v/492
493,93,28,Урок 493,1480,http://video.host/v/493
494,56,15,Урок 494,1535,http://video.host/v/494
495,53,11,Урок 495,2457,http://video.host/v/495
496,52,14,Урок 496,3588,http://video.host/v/496
497,13,11,Урок 497,2348,http://video.host/v/497
498,41,22,Урок 498,1644,http://video.host/v/498
499,48,5,Урок 499,3413,http://video.host/v/499
500,61,3,Урок 500,973,http://video.host/v/500
501,11,3,Урок 501,2368,http://video.host/v/501
502,13,24,Урок 502,2126,http://video.host/v/502
503,17,18,Урок 503,845,http://video.host/v/503
504,76,18,Урок 504,2900,http://video.host/v/504
505,43,22,Урок 505,1100,http://video.host/v/505
506,53,12,Урок 506,3325,http://video.host/v/506
507,97,14,Урок 507,3553,http://video.host/v/507
508,7,10,Урок 508,3059,http://video.host/v/508
509,40,12,Урок 509,1024,http://video.host/v/509
510,74,17,Урок 510,1471,http://video.host/v/510
511,20,22,Урок 511,2575,http://video.host/v/511
512,29,28,Урок 512,1043,http://video.host/v/512
513,45,28,Урок 513,2878,http://video.host/v/513
514,48,4,Урок 514,1741,http://video.host/v/514
515,74,8,Урок 515,2357,http://video.host/v/515
516,72,25,Урок 516,3146,http://video.host/v/516
517,79,22,Урок 517,3232,http://video.host/v/517
518,72,1,Урок 518,3094,http://video.host/v/518
519,85,27,Урок 519,3440,http://video.host/v/519
520,35,1,Урок 520,1338,http://video.host/v/520
521,35,23,Урок 521,1865,http://video.host/v/521
522,44,12,Урок 522,625,http://video.host/v/522
523,24,28,Урок 523,1186,http://video.host/v/523
524,73,22,Урок 524,2241,http://video.host/v/524
525,9,5,Урок 525,3193,http://video.host/v/525
526,4,3,Урок 526,2772,http://video.host/v/526
527,28,13,Урок 527,2319,http://video.host/v/527
528,59,11,Урок 528,1244,http://video.host/v/528
529,48,10,Урок 529,3555,http://video.host/v/529
530,42,25,Урок 530,2924,http://video.host/v/530
531,77,3,Урок 531,815,http://video.host/v/531
532,20,6,Урок 532,3130,http://video.host/v/532
533,7,22,Урок 533,934,http://video.host/v/533
534,35,15,Урок 534,3311,http://video.host/v/534
535,55,16,Урок 535,3086,http://video.host/v/535
536,57,14,Урок 536,1718,http://video.host/v/536
537,28,25,Урок 537,2698,http://video.host/v/537
538,15,12,Урок 538,2360,http://video.host/v/538
539,15,10,Урок 539,3377,http://video.host/v/539
540,87,19,Урок 540,2593,http://video.host/v/540
541,68,22,Урок 541,1863,http://video.host/v/541
542,6,8,Урок 542,2218,http://video.host/v/542
543,77,2,Урок 543,631,http://video.host/v/543
544,27,10,Урок 544,1465,http://video.host/v/544
545,99,5,Урок 545,1646,http://video.host/v/545
546,38,11,Урок 546,1091,http://video.host/v/546
547,1,16,Урок 547,2363,http://video.host/v/547
548,23,5,Урок 548,2157,http://video.host/v/548
549,69,23,Урок 549,1542,http://video.host/v/549
550,65,18,Урок 550,3336,http://video.host/v/550
551,46,3,Урок 551,2226,http://video.host/v/551
552,95,2,Урок 552,2386,http://video.host/v/552
553,3,15,Урок 553,918,http://video.host/v/553
554,41,19,Урок 554,2358,http://video.host/v/554
555,74,13,Урок 555,3506,http://video.host/v/555
556,82,14,Урок 556,1785,http://video.host/v/556
557,15,13,Урок 557,685,http://video.host/v/557
558,42,6,Урок 558,3131,http://video.host/v/558
559,59,27,Урок 559,3424,http://video.host/v/559
560,47,3,Урок 560,2388,http://video.host/v/560
561,14,8,Урок 561,2384,http://video.host/v/561
562,76,13,Урок 562,2746,http://video.host/v/562
563,11,13,Урок 563,1870,http://video.host/v/563
564,96,11,Урок 564,1507,http://video.host/v/564
565,43,25,Урок 565,1288,http://video.host/v/565
566,10,17,Урок 566,3193,http://video.host/v/566
567,15,17,Урок 567,2688,http://video.host/v/567
568,25,29,Урок 568,2031,http://video.host/v/568
569,45,24,Урок 569,3243,http://video.host/v/569
570,19,8,Урок 570,1021,http://video.host/v/570
571,19,9,Урок 571,1408,http://video.host/v/571
572,23,20,Урок 572,1226,http://video.host/v/572
573,98,25,Урок 573,3284,http://video.host/v/573
574,10,6,Урок 574,3172,http://video.host/v/574
575,64,15,Урок 575,2909,http://video.host/v/575
576,98,19,Урок 576,2438,http://video.host/v/576
577,88,30,Урок 577,2912,http://video.host/v/577
578,83,21,Урок 578,3158,http://video.host/v/578
579,42,28,Урок 579,3169,http://video.host/v/579
580,41,5,Урок 580,2401,http://video.host/v/580
581,9,16,Урок 581,2411,http://video.host/v/581
582,81,10,Урок 582,1725,http://video.host/v/582
583,76,2,Урок 583,2041,http://video.host/v/583
584,65,3,Урок 584,1871,http://video.host/v/584
585,60,15,Урок 585,754,http://video.host/v/585
586,8,12,Урок 586,1775,http://video.host/v/586
587,10,21,Урок 587,969,http://video.host/v/587
588,79,20,Урок 588,2676,http://video.host/v/588
589,50,15,Урок 589,2977,http://video.host/v/589
590,71,26,Урок 590,768,http://video.host/v/590
591,58,30,Урок 591,2941,http://video.host/v/591
592,84,7,Урок 592,1916,http://video.host/v/592
593,78,16,Урок 593,2653,http://video.host/v/593
594,20,2,Урок 594,2445,http://video.host/v/594
595,14,26,Урок 595,2006,http://video.host/v/595
596,92,3,Урок 596,2666,http://video.host/v/596
597,83,6,Урок 597,760,http://video.host/v/597
598,32,23,Урок 598,2393,http://video.host/v/598
599,57,17,Урок 599,2741,http://video.host/v/599
600,79,6,Урок 600,2090,http://video.host/v/600
601,48,30,Урок 601,1758,http://video.host/v/601
602,50,14,Урок 602,1985,http://video.host/v/602
603,87,20,Урок 603,814,http://video.host/v/603
604,81,21,Урок 604,1970,http://video.host/v/604
605,9,11,Урок 605,987,http://video.host/v/605
606,72,22,Урок 606,2183,http://video.host/v/606
607,37,9,Урок 607,3564,http://video.host/v/607
608,85,30,Урок 608,3068,http://video.host/v/608
609,20,11,Урок 609,933,http://video.host/v/609
610,75,22,Урок 610,1179,http://video.host/v/610
611,45,10,Урок 611,3287,http://video.host/v/611
612,90,22,Урок 612,2205,http://video.host/v/612
613,17,20,Урок 613,3503,http://video.host/v/613
614,11,10,Урок 614,2889,http://video.host/v/614
615,49,21,Урок 615,1945,http://video.host/v/615
616,17,22,Урок 616,3478,http://video.host/v/616
617,95,22,Урок 617,2756,http://video.host/v/617
618,12,21,Урок 618,3346,http://video.host/v/618
619,55,17,Урок 619,2082,http://video.host/v/619
620,3,12,Урок 620,1865,http://video.host/v/620
621,24,7,Урок 621,1999,http://video.host/v/621
622,99,16,Урок 622,1386,http://video.host/v/622
623,29,5,Урок 623,1234,http://video.host/v/623
624,10,10,Урок 624,1014,http://video.host/v/624
625,65,25,Урок 625,2810,http://video.host/v/625
626,95,29,Урок 626,2756,http://video.host/v/626
627,5,22,Урок 627,1979,http://video.host/v/627
628,99,20,Урок 628,1136,http://video.host/v/628
629,77,13,Урок 629,1231,http://video.host/v/629
630,21,6,Урок 630,3437,http://video.host/v/630
631,99,20,Урок 631,1278,http://video.host/v/631
632,93,15,Урок 632,778,http://video.host/v/632
633,53,12,Урок 633,3370,http://video.host/v/633
634,93,8,Урок 634,2419,http://video.host/v/634
635,79,10,Урок 635,2438,http://video.host/v/635
636,30,18,Урок 636,1579,http://video.host/v/636
637,40,26,Урок 637,2521,http://video.host/v/637
638,25,12,Урок 638,3378,http://video.host/v/638
639,74,15,Урок 639,2491,http://video.host/v/639
640,99,10,Урок 640,2164,http://video.host/v/640
641,65,17,Урок 641,2314,http://video.host/v/641
642,21,27,Урок 642,1417,http://video.host/v/642
643,78,5,Урок 643,1624,http://video.host/v/643
644,7,21,Урок 644,2568,http://video.host/v/644
645,48,18,Урок 645,1020,http://video.host/v/645
646,92,28,Урок 646,2713,http://video.host/v/646
647,16,10,Урок 647,943,http://video.host/v/647
648,98,6,Урок 648,1717,http://video.host/v/648
649,58,29,Урок 649,2702,http://video.host/v/649
650,19,27,Урок 650,2391,http://video.host/v/650
651,12,30,Урок 651,1509,http://video.host/v/651
652,58,29,Урок 652,2031,http://video.host/v/652
653,4,14,Урок 653,818,http://video.host/v/653
654,51,17,Урок 654,2131,http://video.host/v/654
655,31,13,Урок 655,934,http://video.host/v/655
656,48,8,Урок 656,715,http://video.host/v/656
657,41,30,Урок 657,1005,http://video.host/v/657
658,92,21,Урок 658,1973,http://video.host/v/658
659,19,5,Урок 659,756,http://video.host/v/659
660,37,30,Урок 660,2535,http://video.host/v/660
661,90,27,Урок 661,1168,http://video.host/v/661
662,98,23,Урок 662,2521,http://video.host/v/662
663,58,20,Урок 663,621,http://video.host/v/663
664,11,1,Урок 664,1648,http://video.host/v/664
665,28,27,Урок 665,1212,http://video.host/v/665
666,71,24,Урок 666,3093,http://video.host/v/666
667,68,14,Урок 667,1055,http://video.host/v/667
668,100,10,Урок 668,1573,http://video.host/v/668
669,39,4,Урок 669,795,http://video.host/v/669
670,31,14,Урок 670,3217,http://video.host/v/670
671,80,15,Урок 671,857,http://video.host/v/671
672,15,27,Урок 672,2647,http://video.host/v/672
673,77,18,Урок 673,667,http://video.host/v/673
674,81,17,Урок 674,2955,http://video.host/v/674
675,31,23,Урок 675,1188,http://video.host/v/675
676,38,14,Урок 676,606,http://video.host/v/676
677,79,12,Урок 677,1585,http://video.host/v/677
678,74,14,Урок 678,1367,http://video.host/v/678
679,86,22,Урок 679,950,http://video.host/v/679
680,68,12,Урок 680,877,http://video.host/v/680
681,68,18,Урок 681,2678,http://video.host/v/681
682,65,18,Урок 682,683,http://video.host/v/682
683,50,28,Урок 683,2525,http://video.host/v/683
684,6,21,Урок 684,2184,http://video.host/v/684
685,48,9,Урок 685,666,http://video.host/v/685
686,46,26,Урок 686,876,http://video.host/v/686
687,45,8,Урок 687,3291,http://video.host/v/687
688,81,4,Урок 688,2983,http://video.host/v/688
689,95,25,Урок 689,1961,http://video.host/v/689
690,18,2,Урок 690,2043,http://video.host/v/690
691,70,11,Урок 691,3232,http://video.host/v/691
692,23,27,Урок 692,3404,http://video.host/v/692
693,60,23,Урок 693,2560,http://video.host/v/693
694,81,6,Урок 694,1152,http://video.host/v/694
695,9,23,Урок 695,2474,http://video.host/v/695
696,5,10,Урок 696,1425,http://video.host/v/696
697,6,26,Урок 697,1417,http://video.host/v/697
698,6,11,Урок 698,1870,http://video.host/v/698
699,66,13,Урок 699,2824,http://video.host/v/699
700,61,9,Урок 700,749,http://video.host/v/700
701,97,21,Урок 701,1382,http://video.host/v/701
702,37,12,Урок 702,795,http://video.host/v/702
703,84,11,Урок 703,1719,http://video.host/v/703
704,16,26,Урок 704,2107,http://video.host/v/704
705,56,29,Урок 705,2238,http://video.host/v/705
706,96,15,Урок 706,2183,http://video.host/v/706
707,44,6,Урок 707,2632,http://video.host/v/707
708,89,16,Урок 708,2104,http://video.host/v/708
709,67,9,Урок 709,938,http://video.host/v/709
710,94,14,Урок 710,923,http://video.host/v/710
711,56,20,Урок 711,1339,http://video.host/v/711
712,70,10,Урок 712,1915,http://video.host/v/712
713,14,3,Урок 713,1943,http://video.host/v/713
714,85,10,Урок 714,1855,http://video.host/v/714
715,58,20,Урок 715,3539,http://video.host/v/715
716,55,6,Урок 716,3425,http://video.host/v/716
717,57,12,Урок 717,2431,http://video.host/v/717
718,6,24,Урок 718,2044,http://video.host/v/718
719,79,14,Урок 719,1724,http://video.host/v/719
720,82,26,Урок 720,834,http://video.host/v/720
721,10,22,Урок 721,3211,http://video.host/v/721
722,52,12,Урок 722,2701,http://video.host/v/722
723,96,22,Урок 723,1255,http://video.host/v/723
724,4,5,Урок 724,3088,http://video.host/v/724
725,87,26,Урок 725,2394,http://video.host/v/725
726,5,5,Урок 726,875,http://video.host/v/726
727,31,25,Урок 727,3242,http://video.host/v/727
728,47,12,Урок 728,2168,http://video.host/v/728
729,73,2,Урок 729,3078,http://video.host/v/729
730,20,22,Урок 730,2442,http://video.host/v/730
731,48,12,Урок 731,2418,http://video.host/v/731
732,98,3,Урок 732,2950,http://video.host/v/732
733,18,17,Урок 733,2103,http://video.host/v/733
734,51,11,Урок 734,3260,http://video.host/v/734
735,36,8,Урок 735,1064,http://video.host/v/735
736,4,24,Урок 736,1362,http://video.host/v/736
737,64,17,Урок 737,2185,http://video.host/v/737
738,72,4,Урок 738,1672,http://video.host/v/738
739,100,9,Урок 739,3483,http://video.host/v/739
740,58,7,Урок 740,3106,http://video.host/v/740
741,37,23,Урок 741,2611,http://video.host/v/741
742,26,4,Урок 742,1155,http://video.host/v/742
743,10,15,Урок 743,1307,http://video.host/v/743
744,92,15,Урок 744,959,http://video.host/v/744
745,88,28,Урок 745,1909,http://video.host/v/745
746,86,12,Урок 746,3506,http://video.host/v/746
747,9,18,Урок 747,2820,http://video.host/v/747
748,38,29,Урок 748,1828,http://video.host/v/748
749,21,23,Урок 749,3506,http://video.host/v/749
750,90,21,Урок 750,1313,http://video.host/v/750
751,47,17,Урок 751,1518,http://video.host/v/751
752,16,7,Урок 752,1168,http://video.host/v/752
753,31,26,Урок 753,2623,http://video.host/v/753
754,4,12,Урок 754,2869,http://video.host/v/754
755,74,12,Урок 755,2514,http://video.host/v/755
756,71,5,Урок 756,3106,http://video.host/v/756
757,12,3,Урок 757,1866,http://video.host/v/757
758,51,23,Урок 758,3544,http://video.host/v/758
759,62,17,Урок 759,2282,http://video.host/v/759
760,99,14,Урок 760,2954,http://video.host/v/760
761,10,5,Урок 761,1898,http://video.host/v/761
762,83,3,Урок 762,2443,http://video.host/v/762
763,60,22,Урок 763,2719,http://video.host/v/763
764,45,5,Урок 764,2858,http://video.host/v/764
765,82,19,Урок 765,1345,http://video.host/v/765
766,99,5,Урок 766,2372,http://video.host/v/766
767,65,30,Урок 767,826,http://video.host/v/767
768,16,17,Урок 768,1226,http://video.host/v/768
769,39,6,Урок 769,1263,http://video.host/v/769
770,42,30,Урок 770,3505,http://video.host/v/770
771,29,12,Урок 771,2725,http://video.host/v/771
772,37,28,Урок 772,923,http://video.host/v/772
773,33,7,Урок 773,3201,http://video.host/v/773
774,71,9,Урок 774,1112,http://video.host/v/774
775,81,10,Урок 775,3116,http://video.host/v/775
776,69,3,Урок 776,2658,http://video.host/v/776
777,83,6,Урок 777,3024,http://video.host/v/777
778,75,5,Урок 778,1301,http://video.host/v/778
779,85,20,Урок 779,3551,http://video.host/v/779
780,78,11,Урок 780,2908,http://video.host/v/780
781,6,27,Урок 781,716,http://video.host/v/781
782,11,2,Урок 782,3227,http://video.host/v/782
783,99,19,Урок 783,1684,http://video.host/v/783
784,84,7,Урок 784,2943,http://video.host/v/784
785,54,20,Урок 785,3217,http://video.host/v/785
786,4,16,Урок 786,3168,http://video.host/v/786
787,70,10,Урок 787,3229,http://video.host/v/787
788,39,16,Урок 788,1603,http://video.host/v/788
789,88,13,Урок 789,1818,http://video.host/v/789
790,59,3,Урок 790,3420,http://video.host/v/790
791,8,6,Урок 791,2400,http://video.host/v/791
792,54,16,Урок 792,2502,http://video.host/v/792
793,27,11,Урок 793,3084,http://video.host/v/793
794,19,11,Урок 794,3542,http://video.host/v/794
795,41,24,Урок 795,2014,http://video.host/v/795
796,52,5,Урок 796,2117,http://video.host/v/796
797,66,18,Урок 797,1034,http://video.host/v/797
798,41,8,Урок 798,2510,http://video.host/v/798
799,16,9,Урок 799,2441,http://video.host/v/799
800,32,5,Урок 800,996,http://video.host/v/800
